subgraph_rank,query_rank,query_time_rank,subgraph,subgraph_label,item_percentage,triple_percentage,days_to_recover,query_count,query_count_percent,total_query_time_(hr),query_time_percent
1,8,13,Q13442814,scholarly article,39.794,49.668,1375,1649268,0.746,142.114,0.009
2,30,28,Q6999,astronomical object,8.942,8.75,242,448032,0.203,50.995,0.003
3,1,1,Q5,human,9.986,7.324,203,68659369,31.058,6314.044,0.393
4,9,17,Q4167836,Wikimedia category,5.165,5.85,162,1383343,0.626,95.581,0.006
5,2,4,Q16521,taxon,3.427,2.871,79,56437140,25.529,495.361,0.031
6,3,3,Q101352,family name,0.509,1.546,43,5564173,2.517,640.18,0.04
7,6,9,Q4167410,Wikimedia disambiguation page,1.459,1.374,38,3737550,1.691,223.028,0.014
8,24,18,Q7187,gene,1.273,0.927,26,628916,0.284,93.74,0.006
9,63,74,Q11266439,Wikimedia template,0.898,0.864,24,212438,0.096,13.836,0.001
10,10,14,Q11173,chemical compound,1.302,0.693,19,1307852,0.592,132.714,0.008
11,36,65,Q8054,protein,1.05,0.67,19,349573,0.158,15.83,0.001
12,17,19,Q3305213,painting,0.578,0.432,12,834752,0.378,78.935,0.005
13,151,217,Q13100073,village-level division in China,0.626,0.391,11,56694,0.026,2.025,0.0
14,190,131,Q29654788,Unicode character,0.054,0.381,11,31228,0.014,6.696,0.0
15,4,2,Q11424,film,0.281,0.364,10,4757084,2.152,1613.255,0.1
16,23,21,Q486972,human settlement,0.602,0.302,8,721789,0.327,72.997,0.005
17,179,201,Q815382,meta-analysis,0.117,0.27,7,36321,0.016,2.541,0.0
18,204,191,Q13433827,encyclopedia article,0.551,0.255,7,25705,0.012,3.074,0.0
19,57,62,Q8502,mountain,0.559,0.253,7,227393,0.103,16.35,0.001
20,11,22,Q13406463,Wikimedia list article,0.352,0.252,7,1283160,0.58,72.931,0.005
21,40,10,Q2668072,collection,0.534,0.248,7,312822,0.142,166.258,0.01
22,58,48,Q79007,street,0.62,0.231,6,225188,0.102,20.438,0.001
23,47,51,Q4022,river,0.425,0.219,6,280190,0.127,19.905,0.001
24,194,153,Q30612,clinical trial,0.38,0.21,6,30166,0.014,5.458,0.0
25,25,46,Q532,village,0.292,0.201,6,584789,0.265,20.791,0.001
26,15,29,Q484170,commune of France,0.043,0.18,5,866766,0.392,46.253,0.003
27,271,264,Q17633526,Wikinews article,0.305,0.166,5,6814,0.003,0.898,0.0
28,20,30,Q482994,album,0.287,0.161,4,776845,0.351,36.852,0.002
29,91,69,Q23397,lake,0.278,0.138,4,130027,0.059,14.304,0.001
30,146,114,Q54050,hill,0.348,0.131,4,60216,0.027,8.293,0.001
31,34,41,Q16970,church building,0.226,0.129,4,396936,0.18,25.414,0.002
32,48,31,Q41176,building,0.287,0.125,3,271666,0.123,36.186,0.002
33,126,168,Q56436498,village in India,0.155,0.116,3,77225,0.035,4.719,0.0
35,222,300,Q47150325,calendar day of a given year,0.201,0.108,3,18261,0.008,0.31,0.0
34,5,7,Q4830453,business,0.207,0.108,3,4041395,1.828,342.919,0.021
36,98,108,Q3947,house,0.216,0.098,3,118886,0.054,8.94,0.001
37,33,32,Q3331189,"version, edition, or translation",0.19,0.087,2,410352,0.186,34.078,0.002
38,228,230,Q1348305,erratum,0.085,0.086,2,16251,0.007,1.6,0.0
40,56,170,Q27020041,sports season,0.169,0.081,2,228394,0.103,4.584,0.0
39,155,36,Q18593264,item of collection or exhibition,0.157,0.081,2,51709,0.023,29.93,0.002
41,31,56,Q22808320,Wikimedia human name disambiguation page,0.075,0.078,2,433986,0.196,17.446,0.001
42,27,45,Q7725634,literary work,0.176,0.077,2,468204,0.212,22.208,0.001
43,147,122,Q355304,watercourse,0.186,0.077,2,59873,0.027,7.424,0.0
45,49,50,Q55488,railway station,0.104,0.075,2,258862,0.117,20.216,0.001
46,160,152,Q11060274,print,0.13,0.075,2,46478,0.021,5.467,0.0
44,75,52,Q23442,island,0.159,0.075,2,161433,0.073,19.104,0.001
47,71,73,Q12308941,male given name,0.04,0.072,2,170285,0.077,13.999,0.001
48,299,281,Q277338,pseudogene,0.061,0.071,2,2919,0.001,0.571,0.0
49,37,167,Q2225692,fourth-level administrative division in Indonesia,0.088,0.07,2,344964,0.156,4.735,0.0
50,103,107,Q5633421,scientific journal,0.103,0.069,2,113569,0.051,9.095,0.001
51,142,104,Q5084,hamlet,0.125,0.069,2,63208,0.029,9.485,0.001
52,100,99,Q9842,primary school,0.165,0.066,2,114613,0.052,10.262,0.001
53,32,63,Q134556,single,0.103,0.065,2,431003,0.195,16.089,0.001
54,29,60,Q215380,musical group,0.087,0.063,2,461181,0.209,16.708,0.001
55,258,241,Q19389637,biographical article,0.163,0.063,2,9389,0.004,1.361,0.0
56,229,193,Q93184,drawing,0.099,0.062,2,16123,0.007,2.9,0.0
57,241,238,Q21014462,cell line,0.139,0.061,2,12315,0.006,1.45,0.0
59,78,128,Q23038290,fossil taxon,0.111,0.06,2,156122,0.071,6.936,0.0
58,319,278,Q452237,motion,0.082,0.06,2,1068,0.0,0.618,0.0
60,191,272,Q11753321,Wikimedia navigational template,0.048,0.059,2,31171,0.014,0.709,0.0
62,22,35,Q7889,video game,0.047,0.056,2,741401,0.335,30.307,0.002
61,84,119,Q3558970,village of Poland,0.06,0.056,2,143577,0.065,8.018,0.0
63,12,6,Q5398426,television series,0.062,0.055,2,1206285,0.546,365.671,0.023
64,46,38,Q811979,architectural structure,0.119,0.055,2,282739,0.128,28.29,0.002
65,66,37,Q473972,protected area,0.09,0.052,1,191497,0.087,29.759,0.002
67,128,125,Q47521,stream,0.133,0.051,1,74418,0.034,7.051,0.0
66,308,309,Q1260524,time of the day,0.093,0.051,1,2377,0.001,0.227,0.0
68,303,260,Q427087,non-coding RNA,0.091,0.05,1,2795,0.001,0.978,0.0
69,325,323,Q7604686,UK Statutory Instrument,0.094,0.05,1,910,0.0,0.104,0.0
72,45,79,Q105543609,musical work/composition,0.099,0.048,1,285889,0.129,13.291,0.001
70,26,27,Q732577,publication,0.076,0.048,1,512416,0.232,52.804,0.003
71,35,25,Q86850539,Whitaker's Latin frequency type C,0.011,0.048,1,355247,0.161,55.87,0.003
73,173,242,Q57733494,badminton event,0.065,0.046,1,41051,0.019,1.357,0.0
74,206,223,Q59199015,group of stereoisomers,0.119,0.045,1,24923,0.011,1.836,0.0
75,65,91,Q21191270,television series episode,0.068,0.045,1,201768,0.091,11.757,0.001
77,81,72,Q11879590,female given name,0.025,0.044,1,147476,0.067,14.018,0.001
76,233,270,Q59542487,Wikimedia set category,0.037,0.044,1,14793,0.007,0.817,0.0
79,263,275,Q1504425,systematic review,0.013,0.043,1,7774,0.004,0.668,0.0
78,330,318,Q96739634,individual motion,0.065,0.043,1,663,0.0,0.129,0.0
80,62,77,Q34442,road,0.073,0.041,1,215771,0.098,13.538,0.001
82,101,86,Q253019,Ortsteil,0.044,0.04,1,113964,0.052,12.11,0.001
81,280,307,Q61443690,branch post office,0.137,0.04,1,5438,0.002,0.243,0.0
84,284,255,Q49008,prime number,0.136,0.039,1,4800,0.002,1.052,0.0
83,55,15,Q125191,photograph,0.062,0.039,1,228417,0.103,131.466,0.008
85,201,184,Q39816,valley,0.103,0.038,1,27537,0.012,3.363,0.0
87,88,95,Q22698,park,0.093,0.038,1,137727,0.062,10.738,0.001
86,21,23,Q47461344,written work,0.078,0.038,1,774947,0.351,66.789,0.004
88,117,146,Q11446,ship,0.082,0.037,1,88677,0.04,5.827,0.0
91,18,16,Q43229,organization,0.08,0.037,1,806840,0.365,123.007,0.008
89,19,8,Q4164871,position,0.128,0.037,1,788077,0.356,332.18,0.021
90,266,313,Q23894233,Wikimedia templates category,0.037,0.037,1,7231,0.003,0.18,0.0
93,180,139,Q191067,article,0.078,0.036,1,35963,0.016,6.179,0.0
92,14,11,Q6881511,enterprise,0.052,0.036,1,943613,0.427,163.622,0.01
96,242,282,Q985488,residential community of the People's Republic of China,0.097,0.033,1,12201,0.006,0.559,0.0
94,161,164,Q12323,dam,0.079,0.033,1,46332,0.021,5.015,0.0
95,136,117,Q2065736,cultural property,0.078,0.033,1,66200,0.03,8.148,0.001
98,140,195,Q67383935,co-educational school,0.078,0.031,1,63429,0.029,2.692,0.0
97,158,172,Q735428,town in China,0.023,0.031,1,47872,0.022,4.401,0.0
100,189,154,Q21672098,village of Ukraine,0.028,0.03,1,31487,0.014,5.44,0.0
101,79,70,Q1248784,airport,0.026,0.03,1,150757,0.068,14.17,0.001
99,119,148,Q5185279,poem,0.111,0.03,1,88483,0.04,5.776,0.0
105,193,159,Q61089180,part of municipality in the Czech Republic,0.012,0.029,1,30333,0.014,5.243,0.0
103,219,177,Q124714,spring,0.074,0.029,1,20194,0.009,3.61,0.0
104,166,263,Q59541917,Wikimedia topic category,0.014,0.029,1,44601,0.02,0.905,0.0
102,132,111,Q1002697,periodical,0.058,0.029,1,70319,0.032,8.734,0.001
109,250,229,Q55659167,natural watercourse,0.071,0.028,1,10469,0.005,1.6,0.0
108,51,26,Q33506,museum,0.044,0.028,1,252308,0.114,53.78,0.003
106,145,205,Q19855165,rural school,0.072,0.028,1,60665,0.027,2.431,0.0
107,96,78,Q860861,sculpture,0.052,0.028,1,120990,0.055,13.466,0.001
110,97,220,Q26211545,desa,0.044,0.027,1,119945,0.054,1.924,0.0
113,41,54,Q15632617,fictional human,0.056,0.026,1,306319,0.139,18.223,0.001
111,72,97,Q17343829,unincorporated community in the United States,0.04,0.026,1,169819,0.077,10.58,0.001
112,39,76,Q476028,association football club,0.038,0.026,1,320422,0.145,13.785,0.001
114,318,239,Q2341654,stone setting,0.065,0.025,1,1156,0.001,1.418,0.0
115,70,105,Q24862,short film,0.033,0.025,1,171540,0.078,9.445,0.001
116,130,98,Q108325,chapel,0.057,0.024,1,72762,0.033,10.333,0.001
117,114,75,Q3257686,locality,0.041,0.024,1,95704,0.043,13.805,0.001
118,83,68,Q839954,archaeological site,0.05,0.024,1,143762,0.065,14.722,0.001
119,309,297,Q1580166,dictionary entry,0.128,0.023,1,1925,0.001,0.338,0.0
121,42,42,Q3957,town,0.015,0.023,1,294685,0.133,23.734,0.001
123,152,144,Q737498,academic journal,0.024,0.023,1,56251,0.025,5.882,0.0
120,121,88,Q41253,movie theater,0.059,0.023,1,84624,0.038,11.858,0.001
122,281,311,Q24046192,Wikimedia category of stubs,0.024,0.023,1,5400,0.002,0.198,0.0
124,248,268,Q22969563,bodendenkmal,0.052,0.022,1,10992,0.005,0.853,0.0
126,149,100,Q179700,statue,0.05,0.022,1,58263,0.026,10.081,0.001
125,328,316,Q99045339,written question,0.036,0.022,1,778,0.0,0.139,0.0
128,162,59,Q28564,public library,0.043,0.021,1,45035,0.02,16.949,0.001
127,301,284,Q27555384,transformed cell line,0.051,0.021,1,2841,0.001,0.541,0.0
133,43,58,Q506240,television film,0.019,0.02,1,290899,0.132,17.268,0.001
132,107,49,Q39614,cemetery,0.049,0.02,1,104411,0.047,20.351,0.001
130,221,174,Q820655,legislation,0.028,0.02,1,18611,0.008,4.067,0.0
129,182,123,Q12284,canal,0.051,0.02,1,35249,0.016,7.285,0.0
134,77,188,Q2996394,biological process,0.045,0.02,1,160096,0.072,3.094,0.0
131,247,232,Q187971,wadi,0.055,0.02,1,11742,0.005,1.556,0.0
139,257,259,Q2151232,townland,0.065,0.019,1,9422,0.004,0.992,0.0
138,28,57,Q18340514,events in a specific year or time period,0.048,0.019,1,463683,0.21,17.42,0.001
135,331,340,Q100532807,Irish Statutory Instrument,0.036,0.019,1,517,0.0,0.019,0.0
136,44,5,Q15416,television program,0.05,0.019,1,286609,0.13,386.247,0.024
137,108,110,Q1115575,civil parish,0.013,0.019,1,102160,0.046,8.849,0.001
141,259,221,Q489357,farmhouse,0.043,0.018,1,9129,0.004,1.924,0.0
140,210,185,Q820477,mine,0.048,0.018,1,22871,0.01,3.3,0.0
143,265,240,Q34023,tumulus,0.048,0.018,0,7274,0.003,1.395,0.0
142,277,248,Q18918145,academic journal article,0.033,0.018,0,5756,0.003,1.204,0.0
144,53,96,Q11032,newspaper,0.043,0.017,0,230085,0.104,10.686,0.001
146,87,102,Q9826,high school,0.033,0.017,0,138435,0.063,9.909,0.001
145,274,265,Q5783996,cottage,0.041,0.017,0,6136,0.003,0.884,0.0
156,273,237,Q187685,doctoral thesis,0.036,0.016,0,6336,0.003,1.455,0.0
155,115,118,Q928830,metro station,0.016,0.016,0,92743,0.042,8.081,0.001
154,54,44,Q3918,university,0.015,0.016,0,229169,0.104,22.265,0.001
150,61,61,Q163740,nonprofit organization,0.028,0.016,0,221579,0.1,16.389,0.001
157,295,293,Q56428020,Wikimedia lists category,0.014,0.016,0,3090,0.001,0.373,0.0
153,283,292,Q15647814,Wikimedia administration category,0.015,0.016,0,5046,0.002,0.38,0.0
148,85,82,Q3914,school,0.039,0.016,0,142793,0.065,12.536,0.001
151,240,200,Q1516079,cultural heritage ensemble,0.04,0.016,0,12586,0.006,2.578,0.0
147,124,90,Q4989906,monument,0.031,0.016,0,81335,0.037,11.785,0.001
159,236,243,Q24529780,point,0.039,0.016,0,14138,0.006,1.342,0.0
152,181,137,Q1134686,frazione,0.02,0.016,0,35952,0.016,6.219,0.0
149,209,135,Q21199,natural number,0.011,0.016,0,24095,0.011,6.369,0.0
160,168,129,Q192287,subdivisions of Russia,0.017,0.016,0,43585,0.02,6.839,0.0
158,220,257,Q220659,archaeological artifact,0.021,0.016,0,18649,0.008,1.043,0.0
163,131,89,Q16917,hospital,0.027,0.015,0,71654,0.032,11.808,0.001
165,16,12,Q891723,public company,0.013,0.015,0,837595,0.379,157.422,0.01
167,60,55,Q838948,work of art,0.025,0.015,0,221992,0.1,17.545,0.001
161,276,231,Q585956,masia,0.04,0.015,0,5938,0.003,1.578,0.0
166,183,199,Q773668,open-access journal,0.013,0.015,0,35072,0.016,2.578,0.0
162,285,258,Q23058136,cancer cell line,0.03,0.015,0,4699,0.002,1.04,0.0
168,230,245,Q634099,rural settlement of Russia,0.02,0.015,0,15824,0.007,1.321,0.0
164,138,126,Q39594,bay,0.036,0.015,0,64126,0.029,6.951,0.0
172,186,151,Q15303838,municipality seat,0.019,0.014,0,32802,0.015,5.542,0.0
171,215,203,Q126807,kindergarten,0.036,0.014,0,20617,0.009,2.496,0.0
174,92,67,Q123705,neighborhood,0.027,0.014,0,128958,0.058,15.018,0.001
169,270,216,Q104093746,lake or pond,0.033,0.014,0,6883,0.003,2.056,0.0
173,288,301,Q23925393,Douar,0.034,0.014,0,4292,0.002,0.301,0.0
175,104,138,Q41298,magazine,0.031,0.014,0,112079,0.051,6.186,0.0
170,90,113,Q14350,radio station,0.028,0.014,0,130062,0.059,8.341,0.001
183,176,266,Q46190676,tennis event,0.028,0.013,0,38552,0.017,0.878,0.0
181,157,233,Q16510064,sporting event,0.03,0.013,0,48857,0.022,1.547,0.0
179,292,299,Q16466010,association football match,0.019,0.013,0,3833,0.002,0.329,0.0
178,109,207,Q26887310,association football team season,0.035,0.013,0,102030,0.046,2.403,0.0
182,197,171,Q12280,bridge,0.027,0.013,0,29873,0.014,4.564,0.0
176,94,85,Q23413,castle,0.023,0.013,0,123854,0.056,12.218,0.001
177,7,20,Q34770,language,0.011,0.013,0,1713196,0.775,73.238,0.005
180,133,130,Q46831,mountain range,0.025,0.013,0,69422,0.031,6.724,0.0
184,177,136,Q2514025,posyolok,0.02,0.012,0,38544,0.017,6.295,0.0
187,52,80,Q7278,political party,0.02,0.012,0,240024,0.109,12.925,0.001
185,208,115,Q1529096,village in Turkey,0.02,0.012,0,24190,0.011,8.251,0.001
186,163,166,Q34763,peninsula,0.028,0.012,0,44941,0.02,4.811,0.0
190,200,149,Q62447,aerodrome,0.02,0.011,0,27816,0.013,5.687,0.0
195,311,289,Q3052382,fonds,0.023,0.011,0,1615,0.001,0.43,0.0
197,135,132,Q189004,college,0.027,0.011,0,68321,0.031,6.504,0.0
192,50,143,Q3464665,television series season,0.02,0.011,0,254318,0.115,5.929,0.0
189,335,338,Q97695005,committee group motion,0.012,0.011,0,311,0.0,0.037,0.0
198,238,253,Q852190,shipwreck,0.026,0.011,0,13184,0.006,1.078,0.0
191,246,215,Q5358913,elementary school in Japan,0.02,0.011,0,11803,0.005,2.163,0.0
193,122,71,Q7075,library,0.024,0.011,0,82959,0.038,14.164,0.001
196,195,183,Q4421,forest,0.026,0.011,0,30016,0.014,3.382,0.0
194,253,250,Q10870555,report,0.023,0.011,0,9666,0.004,1.117,0.0
188,198,247,Q310890,monotypic taxon,0.011,0.011,0,28754,0.013,1.23,0.0
209,188,211,Q18663566,dissolved municipality of Japan,0.016,0.01,0,32256,0.015,2.283,0.0
205,139,120,Q751876,ch√¢teau,0.025,0.01,0,64066,0.029,7.956,0.0
214,175,181,Q19860854,destroyed building or structure,0.023,0.01,0,38894,0.018,3.532,0.0
210,137,127,Q159334,secondary school,0.019,0.01,0,65840,0.03,6.942,0.0
203,127,133,Q212198,pub,0.016,0.01,0,77118,0.035,6.502,0.0
213,148,142,Q847017,sports club,0.024,0.01,0,59318,0.027,5.947,0.0
211,243,235,Q1195098,ward,0.028,0.01,0,12112,0.005,1.49,0.0
200,261,234,Q7777570,theatrical production,0.011,0.01,0,8874,0.004,1.503,0.0
206,150,116,Q131681,reservoir,0.021,0.01,0,56822,0.026,8.217,0.001
208,207,274,Q47345468,tennis tournament edition,0.015,0.01,0,24434,0.011,0.669,0.0
201,205,147,Q207326,summit,0.025,0.01,0,25530,0.012,5.784,0.0
212,86,34,Q210272,cultural heritage,0.023,0.01,0,142383,0.064,32.29,0.002
199,336,336,Q10429085,report,0.011,0.01,0,262,0.0,0.039,0.0
204,268,291,Q121117,supercomputer,0.019,0.01,0,7079,0.003,0.386,0.0
207,321,304,Q65954115,State Bank of India branch,0.028,0.01,0,1008,0.0,0.267,0.0
202,256,310,Q15184295,Wikimedia module,0.031,0.01,0,9500,0.004,0.215,0.0
229,340,331,Q106006703,local regulations of the People's Republic of China,0.017,0.009,0,109,0.0,0.055,0.0
235,333,327,Q1505023,Interpellation,0.013,0.009,0,457,0.0,0.072,0.0
233,339,324,Q7604693,Statutory Rules of Northern Ireland,0.018,0.009,0,139,0.0,0.083,0.0
217,252,321,Q26267864,Wikimedia KML file,0.012,0.009,0,10041,0.005,0.117,0.0
221,67,134,Q202444,given name,0.021,0.009,0,187481,0.085,6.499,0.0
220,278,262,Q30198,marsh,0.025,0.009,0,5687,0.003,0.921,0.0
218,329,315,Q6453643,decree law,0.013,0.009,0,676,0.0,0.142,0.0
224,296,271,Q26703203,stumbling stone,0.017,0.009,0,3087,0.001,0.75,0.0
234,287,249,Q1303167,barn,0.021,0.009,0,4359,0.002,1.132,0.0
219,298,298,Q1302249,cross-reference,0.018,0.009,0,2982,0.001,0.332,0.0
226,305,283,Q1681353,bog,0.029,0.009,0,2671,0.001,0.548,0.0
230,286,254,Q5707594,news article,0.026,0.009,0,4548,0.002,1.075,0.0
223,38,87,Q571,book,0.022,0.009,0,340900,0.154,11.953,0.001
227,294,314,Q66826848,"protein obsoleted in UniProtKB, SwissProt, TrEMBL",0.025,0.009,0,3295,0.001,0.151,0.0
228,341,341,Q67015940,Government Boys' Primary School,0.028,0.009,0,58,0.0,0.011,0.0
231,120,156,Q178561,battle,0.015,0.009,0,88130,0.04,5.379,0.0
232,154,180,Q728937,railway line,0.015,0.009,0,52858,0.024,3.545,0.0
238,213,158,Q3950,villa,0.017,0.009,0,21354,0.01,5.244,0.0
225,214,196,Q16887380,group,0.023,0.009,0,20796,0.009,2.672,0.0
237,112,187,Q3231690,automobile model,0.012,0.009,0,98312,0.044,3.188,0.0
236,196,197,Q185113,cape,0.022,0.009,0,29916,0.014,2.646,0.0
222,123,224,Q965568,kelurahan,0.012,0.009,0,82384,0.037,1.815,0.0
215,171,176,Q179049,nature reserve,0.014,0.009,0,41640,0.019,3.652,0.0
216,203,169,Q133056,mountain pass,0.023,0.009,0,26776,0.012,4.712,0.0
256,234,286,Q19692072,United States Supreme Court decision,0.021,0.008,0,14584,0.007,0.526,0.0
241,102,81,Q174782,square,0.016,0.008,0,113883,0.052,12.872,0.001
247,255,209,Q12317349,main library,0.015,0.008,0,9576,0.004,2.353,0.0
251,249,182,Q65661087,village in Belarus,0.017,0.008,0,10721,0.005,3.399,0.0
240,304,303,Q2042028,ravine,0.021,0.008,0,2744,0.001,0.282,0.0
244,310,290,Q2593777,grave field,0.02,0.008,0,1813,0.001,0.393,0.0
255,293,287,Q42195,petroglyph,0.02,0.008,0,3544,0.002,0.493,0.0
242,116,109,Q16560,palace,0.014,0.008,0,90942,0.041,8.891,0.001
253,110,84,Q27686,hotel,0.013,0.008,0,99247,0.045,12.224,0.001
239,125,101,Q24354,theatre,0.013,0.008,0,79731,0.036,10.018,0.001
250,89,66,Q327333,government agency,0.015,0.008,0,136957,0.062,15.182,0.001
249,74,92,Q15773317,television character,0.011,0.008,0,165400,0.075,11.341,0.001
252,320,322,Q61443650,sub post office,0.026,0.008,0,1065,0.0,0.109,0.0
248,153,226,Q176799,military unit,0.024,0.008,0,53598,0.024,1.71,0.0
246,254,219,Q740445,ridge,0.019,0.008,0,9661,0.004,2.021,0.0
245,129,190,Q155076,juridical person,0.025,0.008,0,74049,0.033,3.081,0.0
254,235,273,Q1577547,revenue house,0.02,0.008,0,14545,0.007,0.693,0.0
243,13,24,Q14204246,Wikimedia project page,0.033,0.008,0,1114113,0.504,62.297,0.004
281,164,189,Q169930,extended play,0.013,0.007,0,44795,0.02,3.086,0.0
262,316,276,Q1266946,thesis,0.018,0.007,0,1234,0.001,0.665,0.0
278,338,335,Q51591359,voting result,0.011,0.007,0,145,0.0,0.04,0.0
269,159,279,Q26895936,American football team season,0.025,0.007,0,47089,0.021,0.577,0.0
267,218,163,Q575759,war memorial,0.017,0.007,0,20297,0.009,5.062,0.0
263,334,329,Q107102664,cell line from embryonic stem cells,0.017,0.007,0,410,0.0,0.069,0.0
272,185,173,Q40080,beach,0.017,0.007,0,33831,0.015,4.2,0.0
282,73,33,Q618779,award,0.021,0.007,0,165880,0.075,32.348,0.002
277,312,294,Q7321974,cairn,0.018,0.007,0,1611,0.001,0.363,0.0
270,232,296,Q417841,protein family,0.025,0.007,0,15204,0.007,0.338,0.0
271,282,312,Q55659107,intermittent natural watercourse,0.019,0.007,0,5167,0.002,0.193,0.0
268,69,40,Q35127,website,0.014,0.007,0,171752,0.078,27.118,0.002
264,68,43,Q2085381,publisher,0.014,0.007,0,179442,0.081,23.302,0.001
279,291,306,Q29023906,temporary exhibition,0.021,0.007,0,3874,0.002,0.252,0.0
283,279,261,Q166735,swamp,0.016,0.007,0,5612,0.003,0.933,0.0
265,260,140,Q2732840,Gram panchayat,0.016,0.007,0,8933,0.004,6.12,0.0
259,141,106,Q44613,monastery,0.014,0.007,0,63387,0.029,9.414,0.001
276,169,213,Q40231,election,0.02,0.007,0,42946,0.019,2.26,0.0
257,187,251,Q2334719,legal case,0.029,0.007,0,32636,0.015,1.106,0.0
275,262,214,Q17018380,bight,0.017,0.007,0,8643,0.004,2.225,0.0
258,267,206,Q2116450,manor estate,0.02,0.007,0,7121,0.003,2.408,0.0
280,64,160,Q21198342,manga series,0.014,0.007,0,208503,0.094,5.226,0.0
260,289,218,Q2309609,wayside cross,0.022,0.007,0,4095,0.002,2.023,0.0
274,225,212,Q102496,parish,0.016,0.007,0,17044,0.008,2.279,0.0
266,217,267,Q55850593,music track with vocals,0.012,0.007,0,20336,0.009,0.856,0.0
273,297,269,Q4414033,rural council of Ukraine,0.011,0.007,0,3078,0.001,0.844,0.0
261,192,145,Q1497375,architectural ensemble,0.011,0.007,0,30572,0.014,5.855,0.0
297,269,330,Q106474968,ethnic group by settlement in Macedonia,0.015,0.006,0,7019,0.003,0.065,0.0
295,324,332,Q107103143,Induced pluripotent stem cell line,0.014,0.006,0,927,0.0,0.05,0.0
300,231,178,Q187223,lagoon,0.014,0.006,0,15309,0.007,3.596,0.0
284,211,256,Q15221623,bilateral relation,0.017,0.006,0,21846,0.01,1.046,0.0
301,199,157,Q358,heritage site,0.016,0.006,0,28345,0.013,5.298,0.0
304,144,192,Q2467461,academic department,0.016,0.006,0,60673,0.027,2.961,0.0
292,76,39,Q15243209,historic district,0.011,0.006,0,160541,0.073,28.064,0.002
287,327,337,Q420927,protein complex,0.014,0.006,0,859,0.0,0.039,0.0
290,313,308,Q43460564,chemical entity,0.016,0.006,0,1553,0.001,0.228,0.0
296,264,179,Q18761202,watercolor painting,0.012,0.006,0,7586,0.003,3.572,0.0
293,314,339,Q56731284,Act of the Parliament of Australia,0.013,0.006,0,1281,0.001,0.028,0.0
305,105,93,Q7397,software,0.012,0.006,0,110447,0.05,10.857,0.001
288,106,47,Q1520033,count noun,0.012,0.006,0,110319,0.05,20.655,0.001
289,227,208,Q21573182,Naturdenkmal in Germany,0.02,0.006,0,16903,0.008,2.39,0.0
291,99,121,Q35509,cave,0.016,0.006,0,116248,0.053,7.812,0.0
285,275,228,Q207524,islet,0.018,0.006,0,5940,0.003,1.627,0.0
294,239,204,Q11755880,residential building,0.013,0.006,0,12621,0.006,2.489,0.0
286,80,83,Q31855,research institute,0.012,0.006,0,148906,0.067,12.453,0.001
303,184,198,Q726,horse,0.014,0.006,0,34732,0.016,2.608,0.0
298,82,112,Q18127,record label,0.011,0.006,0,144454,0.065,8.544,0.001
302,95,103,Q25379,play,0.014,0.006,0,121822,0.055,9.507,0.001
306,202,161,Q1081138,historic site,0.011,0.006,0,27372,0.012,5.078,0.0
299,212,288,Q67015883,group or class of enzymes,0.012,0.006,0,21843,0.01,0.449,0.0
308,326,328,Q27671617,finite cell line,0.012,0.005,0,903,0.0,0.069,0.0
311,178,155,Q34038,waterfall,0.012,0.005,0,37742,0.017,5.387,0.0
307,134,141,Q13406554,sports competition,0.014,0.005,0,69051,0.031,6.007,0.0
318,302,319,Q814254,feature,0.011,0.005,0,2796,0.001,0.125,0.0
312,237,236,Q160091,plain,0.013,0.005,0,13706,0.006,1.47,0.0
316,307,285,Q50231,administrative territorial entity of the People's Republic of China,0.015,0.005,0,2461,0.001,0.529,0.0
322,165,225,Q3508250,Syndicat intercommunal,0.015,0.005,0,44677,0.02,1.724,0.0
315,337,333,Q67035425,ASTM standard,0.018,0.005,0,207,0.0,0.048,0.0
317,59,94,Q294414,public office,0.013,0.005,0,224476,0.102,10.78,0.001
320,224,162,Q842402,Hindu temple,0.016,0.005,0,17114,0.008,5.074,0.0
314,216,295,Q26894053,basketball team season,0.013,0.005,0,20548,0.009,0.349,0.0
309,156,150,Q4504495,award ceremony,0.012,0.005,0,50739,0.023,5.592,0.0
313,245,210,Q953806,bus stop,0.013,0.005,0,12057,0.005,2.306,0.0
319,170,244,Q1539532,sports season of a sports club,0.021,0.005,0,42606,0.019,1.34,0.0
310,93,53,Q783794,company,0.012,0.005,0,124932,0.057,18.8,0.001
321,113,246,Q14860489,molecular function,0.012,0.005,0,98157,0.044,1.289,0.0
328,174,165,Q13417114,noble family,0.011,0.004,0,39610,0.018,4.844,0.0
329,111,64,Q235557,file format,0.013,0.004,0,99238,0.045,15.851,0.001
327,251,302,Q1238720,volume,0.013,0.004,0,10329,0.005,0.287,0.0
323,226,186,Q149566,middle school,0.014,0.004,0,17023,0.008,3.296,0.0
324,244,252,Q50386450,operatic character,0.015,0.004,0,12095,0.005,1.09,0.0
330,323,320,Q459297,qanat,0.014,0.004,0,950,0.0,0.119,0.0
332,332,317,Q2231510,col,0.012,0.004,0,494,0.0,0.133,0.0
331,272,202,Q20541692,"settlement in Galicia, Spain",0.015,0.004,0,6565,0.003,2.532,0.0
325,118,175,Q17524420,aspect of history,0.013,0.004,0,88603,0.04,3.944,0.0
326,143,222,Q46135307,nation at sport competition,0.012,0.004,0,61241,0.028,1.854,0.0
333,167,124,Q8436,family,0.012,0.004,0,44112,0.02,7.119,0.0
334,223,194,Q14659,coat of arms,0.011,0.003,0,18088,0.008,2.752,0.0
339,306,305,Q46686,reredos,0.011,0.003,0,2514,0.001,0.257,0.0
335,315,334,Q61278455,health sub-centre,0.012,0.003,0,1277,0.001,0.044,0.0
336,290,227,Q81505329,protein family associated with domain,0.013,0.003,0,3954,0.002,1.678,0.0
337,317,326,Q6451276,Congressional Research Service report,0.015,0.003,0,1231,0.001,0.073,0.0
340,322,325,Q6503489,Law of the Republic of China,0.014,0.003,0,957,0.0,0.078,0.0
338,300,277,Q482,poetry,0.017,0.003,0,2852,0.001,0.635,0.0
341,172,280,Q898273,protein domain,0.012,0.002,0,41597,0.019,0.577,0.0
