prediction,overall_percent_of_prediction_in_wikidata,subgraph,label,number_of_items_in_subgraph,number_of_items_in_this_subgraphs_prediction_category,percent_subgraph,percent_all_scored_subgraph_items,percent_diff
A,0.072,Q618779,award,17375,3,0.017,0.0,-0.05499999999999999
A,0.072,Q14204246,Wikimedia project page,31298,1,0.003,0.0,-0.06899999999999999
A,0.072,Q4164871,position,117200,12,0.01,0.0,-0.06199999999999999
A,0.072,Q12308941,male given name,37643,9,0.024,0.0,-0.047999999999999994
A,0.072,Q189004,college,25793,2,0.008,0.0,-0.064
A,0.072,Q15243209,historic district,10531,1,0.009,0.0,-0.063
A,0.072,Q22808320,Wikimedia human name disambiguation page,70686,1,0.001,0.0,-0.071
A,0.072,Q327333,government agency,12233,2,0.016,0.0,-0.055999999999999994
A,0.072,Q860861,sculpture,47311,1,0.002,0.0,-0.06999999999999999
A,0.072,Q7889,video game,45126,794,1.76,0.001,1.688
A,0.072,Q192287,subdivisions of Russia,15923,53,0.333,0.0,0.261
A,0.072,Q121117,supercomputer,18212,1,0.005,0.0,-0.06699999999999999
A,0.072,Q31855,research institute,10940,11,0.101,0.0,0.029000000000000012
A,0.072,Q1002697,periodical,51707,2,0.004,0.0,-0.06799999999999999
A,0.072,Q27020041,sports season,151681,2,0.001,0.0,-0.071
A,0.072,Q7397,software,9598,4,0.042,0.0,-0.029999999999999992
A,0.072,Q6999,astronomical object,8404907,797,0.009,0.001,-0.063
A,0.072,Q3914,school,35772,1,0.003,0.0,-0.06899999999999999
A,0.072,Q417841,protein family,24204,1,0.004,0.0,-0.06799999999999999
A,0.072,Q27686,hotel,12627,1,0.008,0.0,-0.064
A,0.072,Q15303838,municipality seat,15385,10,0.065,0.0,-0.006999999999999992
A,0.072,Q178561,battle,13917,2,0.014,0.0,-0.057999999999999996
A,0.072,Q23397,lake,261264,16,0.006,0.0,-0.06599999999999999
A,0.072,Q7278,political party,18728,37,0.198,0.0,0.126
A,0.072,Q34038,waterfall,10448,1,0.01,0.0,-0.06199999999999999
A,0.072,Q16887380,group,20836,2,0.01,0.0,-0.06199999999999999
A,0.072,Q2065736,cultural property,53599,5,0.009,0.0,-0.063
A,0.072,Q15773317,television character,9351,21,0.225,0.0,0.15300000000000002
A,0.072,Q506240,television film,17746,6,0.034,0.0,-0.03799999999999999
A,0.072,Q484170,commune of France,45578,11513,25.26,0.014,25.188000000000002
A,0.072,Q35127,website,12020,38,0.316,0.0,0.244
A,0.072,Q23038290,fossil taxon,104759,10,0.01,0.0,-0.06199999999999999
A,0.072,Q310890,monotypic taxon,10067,6,0.06,0.0,-0.011999999999999997
A,0.072,Q852190,shipwreck,24502,1,0.004,0.0,-0.06799999999999999
A,0.072,Q163740,nonprofit organization,19688,22,0.112,0.0,0.04000000000000001
A,0.072,Q59199015,group of stereoisomers,123772,16,0.013,0.0,-0.059
A,0.072,Q47461344,written work,79025,22,0.028,0.0,-0.044
A,0.072,Q15416,television program,44755,6,0.013,0.0,-0.059
A,0.072,Q3950,villa,16232,1,0.006,0.0,-0.06599999999999999
A,0.072,Q6881511,enterprise,48095,147,0.306,0.0,0.23399999999999999
A,0.072,Q8436,family,11480,1,0.009,0.0,-0.063
A,0.072,Q7187,gene,705735,29,0.004,0.0,-0.06799999999999999
A,0.072,Q215380,musical group,82485,97,0.118,0.0,0.046
A,0.072,Q1134686,frazione,18970,11,0.058,0.0,-0.013999999999999992
A,0.072,Q13406463,Wikimedia list article,335710,1,0.0,0.0,-0.072
A,0.072,Q1248784,airport,24402,53,0.217,0.0,0.14500000000000002
A,0.072,Q7725634,literary work,182386,111,0.061,0.0,-0.010999999999999996
A,0.072,Q39594,bay,32200,2,0.006,0.0,-0.06599999999999999
A,0.072,Q46831,mountain range,22269,4,0.018,0.0,-0.05399999999999999
A,0.072,Q1115575,civil parish,12157,10,0.082,0.0,0.010000000000000009
A,0.072,Q18663566,dissolved municipality of Japan,15238,1,0.007,0.0,-0.06499999999999999
A,0.072,Q571,book,26597,3,0.011,0.0,-0.061
A,0.072,Q4022,river,361967,24,0.007,0.0,-0.06499999999999999
A,0.072,Q839954,archaeological site,51391,32,0.062,0.0,-0.009999999999999995
A,0.072,Q79007,street,587014,1,0.0,0.0,-0.072
A,0.072,Q101352,family name,454661,2,0.0,0.0,-0.072
A,0.072,Q3331189,"version, edition, or translation",154805,4,0.003,0.0,-0.06899999999999999
A,0.072,Q891723,public company,12377,194,1.567,0.0,1.4949999999999999
A,0.072,Q8054,protein,809969,7,0.001,0.0,-0.071
A,0.072,Q23413,castle,20872,6,0.029,0.0,-0.043
A,0.072,Q2467461,academic department,15682,1,0.006,0.0,-0.06599999999999999
A,0.072,Q4830453,business,187007,222,0.119,0.0,0.047
A,0.072,Q5398426,television series,59171,271,0.458,0.0,0.386
A,0.072,Q15632617,fictional human,27985,26,0.093,0.0,0.021000000000000005
A,0.072,Q33506,museum,41302,31,0.075,0.0,0.0030000000000000027
A,0.072,Q3257686,locality,39376,6,0.015,0.0,-0.056999999999999995
A,0.072,Q131681,reservoir,12209,1,0.008,0.0,-0.064
A,0.072,Q486972,human settlement,549231,121,0.022,0.0,-0.049999999999999996
A,0.072,Q2668072,collection,434349,6,0.001,0.0,-0.071
A,0.072,Q134556,single,92641,2,0.002,0.0,-0.06999999999999999
A,0.072,Q207326,summit,17212,1,0.006,0.0,-0.06599999999999999
A,0.072,Q358,heritage site,13120,2,0.015,0.0,-0.056999999999999995
A,0.072,Q11173,chemical compound,1244185,1525,0.123,0.002,0.051000000000000004
A,0.072,Q18127,record label,10205,8,0.078,0.0,0.006000000000000005
A,0.072,Q49008,prime number,127515,4,0.003,0.0,-0.06899999999999999
A,0.072,Q7075,library,23192,6,0.026,0.0,-0.046
A,0.072,Q55488,railway station,100631,4,0.004,0.0,-0.06799999999999999
A,0.072,Q41176,building,280240,3,0.001,0.0,-0.071
A,0.072,Q1497375,architectural ensemble,6764,5,0.074,0.0,0.0020000000000000018
A,0.072,Q2085381,publisher,13628,20,0.147,0.0,0.075
A,0.072,Q24862,short film,29764,1,0.003,0.0,-0.06899999999999999
A,0.072,Q5,human,9166320,25967,0.283,0.032,0.21099999999999997
A,0.072,Q210272,cultural heritage,18584,2,0.011,0.0,-0.061
A,0.072,Q473972,protected area,83445,3,0.004,0.0,-0.06799999999999999
A,0.072,Q220659,archaeological artifact,19994,2,0.01,0.0,-0.06199999999999999
A,0.072,Q482994,album,270197,32,0.012,0.0,-0.06
A,0.072,Q5633421,scientific journal,96925,5,0.005,0.0,-0.06699999999999999
A,0.072,Q532,village,262129,13,0.005,0.0,-0.06699999999999999
A,0.072,Q105543609,musical work/composition,95634,9,0.009,0.0,-0.063
A,0.072,Q728937,railway line,14220,1,0.007,0.0,-0.06499999999999999
A,0.072,Q155076,juridical person,23506,1,0.004,0.0,-0.06799999999999999
A,0.072,Q4421,forest,21637,2,0.009,0.0,-0.063
A,0.072,Q44613,monastery,13112,2,0.015,0.0,-0.056999999999999995
A,0.072,Q62447,aerodrome,18341,1,0.005,0.0,-0.06699999999999999
A,0.072,Q16917,hospital,27686,3,0.011,0.0,-0.061
A,0.072,Q21199,natural number,10387,10,0.096,0.0,0.024000000000000007
A,0.072,Q28564,public library,35485,3,0.008,0.0,-0.064
A,0.072,Q3305213,painting,541603,34,0.006,0.0,-0.06599999999999999
A,0.072,Q39614,cemetery,82525,3,0.004,0.0,-0.06799999999999999
A,0.072,Q842402,Hindu temple,14918,1,0.007,0.0,-0.06499999999999999
A,0.072,Q928830,metro station,15076,5,0.033,0.0,-0.03899999999999999
A,0.072,Q294414,public office,13525,1,0.007,0.0,-0.06499999999999999
A,0.072,Q16560,palace,11852,12,0.101,0.0,0.029000000000000012
A,0.072,Q16521,taxon,3338177,6461,0.194,0.008,0.12200000000000001
A,0.072,Q21198342,manga series,13376,6,0.045,0.0,-0.026999999999999996
A,0.072,Q783794,company,11150,7,0.063,0.0,-0.008999999999999994
A,0.072,Q9842,primary school,131391,1,0.001,0.0,-0.071
A,0.072,Q108325,chapel,55698,1,0.002,0.0,-0.06999999999999999
A,0.072,Q811979,architectural structure,108595,2,0.002,0.0,-0.06999999999999999
A,0.072,Q11032,newspaper,39789,9,0.023,0.0,-0.048999999999999995
A,0.072,Q17524420,aspect of history,12078,1,0.008,0.0,-0.064
A,0.072,Q11424,film,260188,3739,1.437,0.005,1.365
A,0.072,Q187223,lagoon,4517,1,0.022,0.0,-0.049999999999999996
A,0.072,Q174782,square,14918,1,0.007,0.0,-0.06499999999999999
A,0.072,Q3918,university,13631,104,0.763,0.0,0.6910000000000001
A,0.072,Q13442814,scholarly article,33923067,7,0.0,0.0,-0.072
A,0.072,Q23442,island,149272,46,0.031,0.0,-0.040999999999999995
A,0.072,Q123705,neighborhood,26522,2,0.008,0.0,-0.064
A,0.072,Q43229,organization,77889,32,0.041,0.0,-0.030999999999999993
A,0.072,Q24354,theatre,11816,3,0.025,0.0,-0.04699999999999999
A,0.072,Q19860854,destroyed building or structure,21657,2,0.009,0.0,-0.063
A,0.072,Q420927,protein complex,13158,2,0.015,0.0,-0.056999999999999995
A,0.072,Q41253,movie theater,52998,1,0.002,0.0,-0.06999999999999999
A,0.072,Q476028,association football club,36247,64,0.177,0.0,0.105
A,0.072,Q5084,hamlet,94142,2,0.002,0.0,-0.06999999999999999
A,0.072,Q34770,language,9458,174,1.84,0.0,1.768
A,0.072,Q751876,château,24913,7,0.028,0.0,-0.044
A,0.072,Q847017,sports club,21891,6,0.027,0.0,-0.045
A,0.072,Q35509,cave,14579,1,0.007,0.0,-0.06499999999999999
A,0.072,Q47521,stream,52963,1,0.002,0.0,-0.06999999999999999
A,0.072,Q39816,valley,66889,1,0.001,0.0,-0.071
A,0.072,Q4989906,monument,26626,3,0.011,0.0,-0.061
A,0.072,Q12317349,main library,13495,1,0.007,0.0,-0.06499999999999999
A,0.072,Q16970,church building,210578,3,0.001,0.0,-0.071
A,0.072,Q17343829,unincorporated community in the United States,38906,4,0.01,0.0,-0.06199999999999999
A,0.072,Q5185279,poem,104565,2,0.002,0.0,-0.06999999999999999
A,0.072,Q737498,academic journal,22133,3,0.014,0.0,-0.057999999999999996
A,0.072,Q235557,file format,12064,5,0.041,0.0,-0.030999999999999993
A,0.072,Q14350,radio station,25872,7,0.027,0.0,-0.045
A,0.072,Q179049,nature reserve,9890,1,0.01,0.0,-0.06199999999999999
A,0.072,Q8502,mountain,500851,17,0.003,0.0,-0.06899999999999999
A,0.072,Q2996394,biological process,41836,12,0.029,0.0,-0.043
A,0.072,Q34763,peninsula,25492,7,0.027,0.0,-0.045
A,0.072,Q67015883,group or class of enzymes,10904,1,0.009,0.0,-0.063
A,0.072,Q11879590,female given name,23557,7,0.03,0.0,-0.041999999999999996
A,0.072,Q179700,statue,44073,4,0.009,0.0,-0.063
A,0.072,Q41298,magazine,25771,9,0.035,0.0,-0.03699999999999999
A,0.072,Q202444,given name,20220,1,0.005,0.0,-0.06699999999999999
A,0.072,Q3957,town,14268,135,0.946,0.0,0.874
B,9.476,Q166735,swamp,7690,6,0.078,0.0,-9.398000000000001
B,9.476,Q618779,award,17375,11,0.063,0.0,-9.413
B,9.476,Q14204246,Wikimedia project page,31298,2,0.006,0.0,-9.47
B,9.476,Q965568,kelurahan,8815,152,1.724,0.0,-7.752000000000001
B,9.476,Q4164871,position,117200,47,0.04,0.0,-9.436000000000002
B,9.476,Q12308941,male given name,37643,524,1.392,0.001,-8.084000000000001
B,9.476,Q189004,college,25793,40,0.155,0.0,-9.321000000000002
B,9.476,Q15243209,historic district,10531,39,0.37,0.0,-9.106000000000002
B,9.476,Q34023,tumulus,9551,5,0.052,0.0,-9.424000000000001
B,9.476,Q12284,canal,37993,70,0.184,0.0,-9.292000000000002
B,9.476,Q22808320,Wikimedia human name disambiguation page,70686,13,0.018,0.0,-9.458
B,9.476,Q11753321,Wikimedia navigational template,45111,1,0.002,0.0,-9.474
B,9.476,Q327333,government agency,12233,54,0.441,0.0,-9.035
B,9.476,Q860861,sculpture,47311,84,0.178,0.0,-9.298
B,9.476,Q185113,cape,14981,8,0.053,0.0,-9.423
B,9.476,Q7889,video game,45126,4646,10.296,0.006,0.8199999999999985
B,9.476,Q192287,subdivisions of Russia,15923,1420,8.918,0.002,-0.5580000000000016
B,9.476,Q121117,supercomputer,18212,3,0.016,0.0,-9.46
B,9.476,Q31855,research institute,10940,233,2.13,0.0,-7.346000000000001
B,9.476,Q18761202,watercolor painting,9365,52,0.555,0.0,-8.921000000000001
B,9.476,Q1002697,periodical,51707,212,0.41,0.0,-9.066
B,9.476,Q24529780,point,25294,15,0.059,0.0,-9.417000000000002
B,9.476,Q104093746,lake or pond,31274,152,0.486,0.0,-8.99
B,9.476,Q27020041,sports season,151681,563,0.371,0.001,-9.105
B,9.476,Q133056,mountain pass,15049,5,0.033,0.0,-9.443000000000001
B,9.476,Q7397,software,9598,72,0.75,0.0,-8.726
B,9.476,Q6999,astronomical object,8404907,1516261,18.04,1.874,8.563999999999998
B,9.476,Q3914,school,35772,45,0.126,0.0,-9.350000000000001
B,9.476,Q417841,protein family,24204,53,0.219,0.0,-9.257000000000001
B,9.476,Q732577,publication,33217,39,0.117,0.0,-9.359
B,9.476,Q27686,hotel,12627,92,0.729,0.0,-8.747000000000002
B,9.476,Q21672098,village of Ukraine,26519,14,0.053,0.0,-9.423
B,9.476,Q15303838,municipality seat,15385,216,1.404,0.0,-8.072000000000001
B,9.476,Q178561,battle,13917,17,0.122,0.0,-9.354000000000001
B,9.476,Q23397,lake,261264,1308,0.501,0.002,-8.975000000000001
B,9.476,Q7278,political party,18728,244,1.303,0.0,-8.173000000000002
B,9.476,Q34038,waterfall,10448,10,0.096,0.0,-9.38
B,9.476,Q14860489,molecular function,10897,1,0.009,0.0,-9.467
B,9.476,Q16887380,group,20836,9,0.043,0.0,-9.433000000000002
B,9.476,Q2065736,cultural property,53599,250,0.466,0.0,-9.010000000000002
B,9.476,Q15773317,television character,9351,86,0.92,0.0,-8.556000000000001
B,9.476,Q506240,television film,17746,753,4.243,0.001,-5.2330000000000005
B,9.476,Q29023906,temporary exhibition,6210,76,1.224,0.0,-8.252
B,9.476,Q2593777,grave field,10895,3,0.028,0.0,-9.448
B,9.476,Q484170,commune of France,45578,26205,57.495,0.032,48.019
B,9.476,Q277338,pseudogene,57715,41294,71.548,0.051,62.072
B,9.476,Q35127,website,12020,216,1.797,0.0,-7.679000000000001
B,9.476,Q23038290,fossil taxon,104759,1174,1.121,0.001,-8.355
B,9.476,Q26211545,desa,18751,880,4.693,0.001,-4.783000000000001
B,9.476,Q310890,monotypic taxon,10067,4368,43.389,0.005,33.913000000000004
B,9.476,Q852190,shipwreck,24502,22,0.09,0.0,-9.386000000000001
B,9.476,Q163740,nonprofit organization,19688,246,1.249,0.0,-8.227
B,9.476,Q59199015,group of stereoisomers,123772,215,0.174,0.0,-9.302000000000001
B,9.476,Q81505329,protein family associated with domain,12460,5,0.04,0.0,-9.436000000000002
B,9.476,Q25379,play,1631,14,0.858,0.0,-8.618
B,9.476,Q47345468,tennis tournament edition,14022,1,0.007,0.0,-9.469000000000001
B,9.476,Q30198,marsh,22146,1,0.005,0.0,-9.471
B,9.476,Q47461344,written work,79025,222,0.281,0.0,-9.195
B,9.476,Q15416,television program,44755,69,0.154,0.0,-9.322000000000001
B,9.476,Q176799,military unit,20296,8,0.039,0.0,-9.437000000000001
B,9.476,Q3950,villa,16232,46,0.283,0.0,-9.193000000000001
B,9.476,Q107102664,cell line from embryonic stem cells,16103,16079,99.851,0.02,90.375
B,9.476,Q6881511,enterprise,48095,864,1.796,0.001,-7.680000000000001
B,9.476,Q11446,ship,78164,15,0.019,0.0,-9.457
B,9.476,Q8436,family,11480,4,0.035,0.0,-9.441
B,9.476,Q7187,gene,705735,184886,26.198,0.229,16.722
B,9.476,Q215380,musical group,82485,1823,2.21,0.002,-7.266000000000001
B,9.476,Q1134686,frazione,18970,135,0.712,0.0,-8.764000000000001
B,9.476,Q13406463,Wikimedia list article,335710,15,0.004,0.0,-9.472000000000001
B,9.476,Q1248784,airport,24402,2314,9.483,0.003,0.006999999999999673
B,9.476,Q1266946,thesis,2642,231,8.743,0.0,-0.7330000000000005
B,9.476,Q7725634,literary work,182386,375,0.206,0.0,-9.270000000000001
B,9.476,Q9826,high school,30633,11,0.036,0.0,-9.440000000000001
B,9.476,Q39594,bay,32200,75,0.233,0.0,-9.243
B,9.476,Q187971,wadi,27546,5,0.018,0.0,-9.458
B,9.476,Q5783996,cottage,37588,2,0.005,0.0,-9.471
B,9.476,Q11060274,print,132353,61,0.046,0.0,-9.430000000000001
B,9.476,Q46831,mountain range,22269,123,0.552,0.0,-8.924000000000001
B,9.476,Q1115575,civil parish,12157,50,0.411,0.0,-9.065000000000001
B,9.476,Q18663566,dissolved municipality of Japan,15238,12,0.079,0.0,-9.397
B,9.476,Q571,book,26597,15,0.056,0.0,-9.420000000000002
B,9.476,Q4022,river,361967,2221,0.614,0.003,-8.862
B,9.476,Q839954,archaeological site,51391,543,1.057,0.001,-8.419
B,9.476,Q79007,street,587014,69,0.012,0.0,-9.464
B,9.476,Q21014462,cell line,130948,129906,99.204,0.161,89.728
B,9.476,Q773668,open-access journal,12089,749,6.196,0.001,-3.280000000000001
B,9.476,Q253019,Ortsteil,40784,1212,2.972,0.001,-6.504000000000001
B,9.476,Q101352,family name,454661,2157,0.474,0.003,-9.002
B,9.476,Q3331189,"version, edition, or translation",154805,43,0.028,0.0,-9.448
B,9.476,Q191067,article,57458,8,0.014,0.0,-9.462000000000002
B,9.476,Q1529096,village in Turkey,18892,1,0.005,0.0,-9.471
B,9.476,Q891723,public company,12377,739,5.971,0.001,-3.505000000000001
B,9.476,Q55659167,natural watercourse,21149,22,0.104,0.0,-9.372000000000002
B,9.476,Q125191,photograph,59355,2084,3.511,0.003,-5.965000000000001
B,9.476,Q8054,protein,809969,595,0.073,0.001,-9.403
B,9.476,Q23413,castle,20872,758,3.632,0.001,-5.844000000000001
B,9.476,Q2467461,academic department,15682,1,0.006,0.0,-9.47
B,9.476,Q55850593,music track with vocals,11456,7,0.061,0.0,-9.415000000000001
B,9.476,Q34442,road,62799,15,0.024,0.0,-9.452000000000002
B,9.476,Q4830453,business,187007,1505,0.805,0.002,-8.671000000000001
B,9.476,Q898273,protein domain,11707,2,0.017,0.0,-9.459000000000001
B,9.476,Q5398426,television series,59171,4237,7.161,0.005,-2.3150000000000013
B,9.476,Q15632617,fictional human,27985,189,0.675,0.0,-8.801
B,9.476,Q33506,museum,41302,1184,2.867,0.001,-6.609000000000001
B,9.476,Q61089180,part of municipality in the Czech Republic,11475,31,0.27,0.0,-9.206000000000001
B,9.476,Q3257686,locality,39376,414,1.051,0.001,-8.425
B,9.476,Q131681,reservoir,12209,72,0.59,0.0,-8.886000000000001
B,9.476,Q29654788,Unicode character,151161,25,0.017,0.0,-9.459000000000001
B,9.476,Q486972,human settlement,549231,2909,0.53,0.004,-8.946000000000002
B,9.476,Q93184,drawing,91219,41,0.045,0.0,-9.431000000000001
B,9.476,Q22698,park,33393,74,0.222,0.0,-9.254000000000001
B,9.476,Q838948,work of art,23498,16,0.068,0.0,-9.408000000000001
B,9.476,Q2668072,collection,434349,54,0.012,0.0,-9.464
B,9.476,Q134556,single,92641,406,0.438,0.001,-9.038
B,9.476,Q2514025,posyolok,16063,147,0.915,0.0,-8.561
B,9.476,Q207326,summit,17212,5,0.029,0.0,-9.447000000000001
B,9.476,Q4504495,award ceremony,12579,4,0.032,0.0,-9.444
B,9.476,Q358,heritage site,13120,31,0.236,0.0,-9.24
B,9.476,Q11173,chemical compound,1244185,9632,0.774,0.012,-8.702000000000002
B,9.476,Q17018380,bight,15395,4,0.026,0.0,-9.450000000000001
B,9.476,Q56436498,village in India,145776,54,0.037,0.0,-9.439
B,9.476,Q18127,record label,10205,86,0.843,0.0,-8.633000000000001
B,9.476,Q49008,prime number,127515,1,0.001,0.0,-9.475000000000001
B,9.476,Q7075,library,23192,221,0.953,0.0,-8.523000000000001
B,9.476,Q55488,railway station,100631,1099,1.092,0.001,-8.384
B,9.476,Q2225692,fourth-level administrative division in Indonesia,82911,922,1.112,0.001,-8.364
B,9.476,Q1516079,cultural heritage ensemble,37485,9,0.024,0.0,-9.452000000000002
B,9.476,Q124714,spring,48741,5,0.01,0.0,-9.466000000000001
B,9.476,Q41176,building,280240,320,0.114,0.0,-9.362
B,9.476,Q3464665,television series season,19063,60,0.315,0.0,-9.161000000000001
B,9.476,Q1497375,architectural ensemble,6764,158,2.336,0.0,-7.140000000000001
B,9.476,Q2085381,publisher,13628,202,1.482,0.0,-7.994000000000001
B,9.476,Q24862,short film,29764,237,0.796,0.0,-8.680000000000001
B,9.476,Q3231690,automobile model,10485,81,0.773,0.0,-8.703000000000001
B,9.476,Q5,human,9166320,693124,7.562,0.857,-1.9140000000000006
B,9.476,Q210272,cultural heritage,18584,116,0.624,0.0,-8.852
B,9.476,Q13433827,encyclopedia article,440437,16,0.004,0.0,-9.472000000000001
B,9.476,Q1081138,historic site,8575,65,0.758,0.0,-8.718
B,9.476,Q473972,protected area,83445,2207,2.645,0.003,-6.831000000000001
B,9.476,Q220659,archaeological artifact,19994,6,0.03,0.0,-9.446000000000002
B,9.476,Q740445,ridge,12614,7,0.055,0.0,-9.421000000000001
B,9.476,Q482994,album,270197,5805,2.148,0.007,-7.328000000000001
B,9.476,Q5633421,scientific journal,96925,4712,4.861,0.006,-4.615000000000001
B,9.476,Q427087,non-coding RNA,77284,41782,54.063,0.052,44.587
B,9.476,Q532,village,262129,3978,1.518,0.005,-7.958000000000001
B,9.476,Q105543609,musical work/composition,95634,1317,1.377,0.002,-8.099
B,9.476,Q4167410,Wikimedia disambiguation page,1378294,281,0.02,0.0,-9.456000000000001
B,9.476,Q40080,beach,15340,103,0.671,0.0,-8.805000000000001
B,9.476,Q3947,house,201399,42,0.021,0.0,-9.455
B,9.476,Q728937,railway line,14220,27,0.19,0.0,-9.286000000000001
B,9.476,Q155076,juridical person,23506,1,0.004,0.0,-9.472000000000001
B,9.476,Q5707594,news article,6622,2,0.03,0.0,-9.446000000000002
B,9.476,Q17633526,Wikinews article,286936,3,0.001,0.0,-9.475000000000001
B,9.476,Q4421,forest,21637,24,0.111,0.0,-9.365
B,9.476,Q44613,monastery,13112,266,2.029,0.0,-7.447000000000001
B,9.476,Q62447,aerodrome,18341,452,2.464,0.001,-7.0120000000000005
B,9.476,Q16917,hospital,27686,991,3.579,0.001,-5.897
B,9.476,Q21199,natural number,10387,5,0.048,0.0,-9.428
B,9.476,Q28564,public library,35485,156,0.44,0.0,-9.036000000000001
B,9.476,Q355304,watercourse,165683,127,0.077,0.0,-9.399000000000001
B,9.476,Q3305213,painting,541603,9618,1.776,0.012,-7.700000000000001
B,9.476,Q39614,cemetery,82525,103,0.125,0.0,-9.351
B,9.476,Q820655,legislation,27015,4,0.015,0.0,-9.461
B,9.476,Q842402,Hindu temple,14918,6,0.04,0.0,-9.436000000000002
B,9.476,Q735428,town in China,20213,1,0.005,0.0,-9.471
B,9.476,Q928830,metro station,15076,626,4.152,0.001,-5.324000000000001
B,9.476,Q294414,public office,13525,13,0.096,0.0,-9.38
B,9.476,Q12323,dam,49445,60,0.121,0.0,-9.355
B,9.476,Q16560,palace,11852,287,2.422,0.0,-7.054
B,9.476,Q820477,mine,9474,9,0.095,0.0,-9.381
B,9.476,Q1348305,erratum,78921,1355,1.717,0.002,-7.759
B,9.476,Q16521,taxon,3338177,349153,10.459,0.432,0.9829999999999988
B,9.476,Q21191270,television series episode,65505,1053,1.608,0.001,-7.868
B,9.476,Q21198342,manga series,13376,118,0.882,0.0,-8.594000000000001
B,9.476,Q783794,company,11150,51,0.457,0.0,-9.019
B,9.476,Q9842,primary school,131391,2,0.002,0.0,-9.474
B,9.476,Q108325,chapel,55698,69,0.124,0.0,-9.352
B,9.476,Q811979,architectural structure,108595,108,0.099,0.0,-9.377
B,9.476,Q10870555,report,20422,5,0.024,0.0,-9.452000000000002
B,9.476,Q11032,newspaper,39789,140,0.352,0.0,-9.124
B,9.476,Q11424,film,260188,30156,11.59,0.037,2.113999999999999
B,9.476,Q54050,hill,312047,58,0.019,0.0,-9.457
B,9.476,Q187223,lagoon,4517,10,0.221,0.0,-9.255
B,9.476,Q174782,square,14918,65,0.436,0.0,-9.040000000000001
B,9.476,Q3558970,village of Poland,56075,643,1.147,0.001,-8.329
B,9.476,Q3918,university,13631,1045,7.666,0.001,-1.8100000000000005
B,9.476,Q18593264,item of collection or exhibition,129884,3,0.002,0.0,-9.474
B,9.476,Q13442814,scholarly article,33923067,5168895,15.237,6.389,5.760999999999999
B,9.476,Q13417114,noble family,9936,8,0.081,0.0,-9.395000000000001
B,9.476,Q23442,island,149272,422,0.283,0.001,-9.193000000000001
B,9.476,Q123705,neighborhood,26522,137,0.517,0.0,-8.959000000000001
B,9.476,Q953806,bus stop,11596,3,0.026,0.0,-9.450000000000001
B,9.476,Q27671617,finite cell line,11153,11099,99.516,0.014,90.04
B,9.476,Q7321974,cairn,1133,1,0.088,0.0,-9.388000000000002
B,9.476,Q43229,organization,77889,454,0.583,0.001,-8.893
B,9.476,Q815382,meta-analysis,109693,27377,24.958,0.034,15.481999999999998
B,9.476,Q212198,pub,15013,16,0.107,0.0,-9.369000000000002
B,9.476,Q482,poetry,16332,2,0.012,0.0,-9.464
B,9.476,Q24354,theatre,11816,481,4.071,0.001,-5.405000000000001
B,9.476,Q20541692,"settlement in Galicia, Spain",9477,2,0.021,0.0,-9.455
B,9.476,Q19860854,destroyed building or structure,21657,47,0.217,0.0,-9.259
B,9.476,Q27555384,transformed cell line,47984,47875,99.773,0.059,90.297
B,9.476,Q207524,islet,16884,5,0.03,0.0,-9.446000000000002
B,9.476,Q5358913,elementary school in Japan,18411,1,0.005,0.0,-9.471
B,9.476,Q46686,reredos,4292,35,0.815,0.0,-8.661000000000001
B,9.476,Q420927,protein complex,13158,1,0.008,0.0,-9.468000000000002
B,9.476,Q65661087,village in Belarus,16612,2,0.012,0.0,-9.464
B,9.476,Q30612,clinical trial,356734,35,0.01,0.0,-9.466000000000001
B,9.476,Q41253,movie theater,52998,389,0.734,0.0,-8.742
B,9.476,Q476028,association football club,36247,177,0.488,0.0,-8.988000000000001
B,9.476,Q5084,hamlet,94142,1367,1.452,0.002,-8.024000000000001
B,9.476,Q34770,language,9458,2047,21.643,0.003,12.167
B,9.476,Q751876,château,24913,203,0.815,0.0,-8.661000000000001
B,9.476,Q847017,sports club,21891,18,0.082,0.0,-9.394
B,9.476,Q35509,cave,14579,47,0.322,0.0,-9.154000000000002
B,9.476,Q187685,doctoral thesis,21906,191,0.872,0.0,-8.604000000000001
B,9.476,Q47521,stream,52963,257,0.485,0.0,-8.991000000000001
B,9.476,Q11266439,Wikimedia template,850274,27,0.003,0.0,-9.473
B,9.476,Q39816,valley,66889,25,0.037,0.0,-9.439
B,9.476,Q4989906,monument,26626,1142,4.289,0.001,-5.187000000000001
B,9.476,Q1681353,bog,27417,3,0.011,0.0,-9.465000000000002
B,9.476,Q12317349,main library,13495,125,0.926,0.0,-8.55
B,9.476,Q107103143,Induced pluripotent stem cell line,12730,12712,99.859,0.016,90.383
B,9.476,Q16970,church building,210578,1788,0.849,0.002,-8.627
B,9.476,Q17343829,unincorporated community in the United States,38906,1817,4.67,0.002,-4.806000000000001
B,9.476,Q11755880,residential building,11842,30,0.253,0.0,-9.223
B,9.476,Q5185279,poem,104565,4,0.004,0.0,-9.472000000000001
B,9.476,Q26703203,stumbling stone,16346,1,0.006,0.0,-9.47
B,9.476,Q737498,academic journal,22133,1385,6.258,0.002,-3.218000000000001
B,9.476,Q1303167,barn,19902,1,0.005,0.0,-9.471
B,9.476,Q235557,file format,12064,38,0.315,0.0,-9.161000000000001
B,9.476,Q634099,rural settlement of Russia,18760,7,0.037,0.0,-9.439
B,9.476,Q15221623,bilateral relation,15289,5,0.033,0.0,-9.443000000000001
B,9.476,Q12280,bridge,24711,72,0.291,0.0,-9.185
B,9.476,Q1504425,systematic review,12020,2415,20.092,0.003,10.615999999999998
B,9.476,Q14350,radio station,25872,32,0.124,0.0,-9.352
B,9.476,Q57733494,badminton event,61030,5,0.008,0.0,-9.468000000000002
B,9.476,Q179049,nature reserve,9890,4378,44.267,0.005,34.791000000000004
B,9.476,Q8502,mountain,500851,2356,0.47,0.003,-9.006
B,9.476,Q2996394,biological process,41836,113,0.27,0.0,-9.206000000000001
B,9.476,Q34763,peninsula,25492,58,0.228,0.0,-9.248000000000001
B,9.476,Q23058136,cancer cell line,28235,27852,98.644,0.034,89.168
B,9.476,Q67015883,group or class of enzymes,10904,85,0.78,0.0,-8.696000000000002
B,9.476,Q11879590,female given name,23557,197,0.836,0.0,-8.64
B,9.476,Q179700,statue,44073,47,0.107,0.0,-9.369000000000002
B,9.476,Q575759,war memorial,16311,12,0.074,0.0,-9.402000000000001
B,9.476,Q726,horse,13374,9,0.067,0.0,-9.409
B,9.476,Q159334,secondary school,16906,8,0.047,0.0,-9.429
B,9.476,Q41298,magazine,25771,282,1.094,0.0,-8.382000000000001
B,9.476,Q202444,given name,20220,15,0.074,0.0,-9.402000000000001
B,9.476,Q7777570,theatrical production,2289,1,0.044,0.0,-9.432
B,9.476,Q3957,town,14268,1949,13.66,0.002,4.183999999999999
B,9.476,Q169930,extended play,12442,55,0.442,0.0,-9.034
B,9.476,Q18918145,academic journal article,22266,20,0.09,0.0,-9.386000000000001
B,9.476,Q2732840,Gram panchayat,4028,5,0.124,0.0,-9.352
B,9.476,Q160091,plain,10329,9,0.087,0.0,-9.389000000000001
C,48.258,Q166735,swamp,7690,468,6.086,0.001,-42.172000000000004
C,48.258,Q618779,award,17375,1847,10.63,0.002,-37.628
C,48.258,Q14204246,Wikimedia project page,31298,361,1.153,0.0,-47.105000000000004
C,48.258,Q965568,kelurahan,8815,8078,91.639,0.01,43.38099999999999
C,48.258,Q4164871,position,117200,3028,2.584,0.004,-45.674
C,48.258,Q12308941,male given name,37643,20739,55.094,0.026,6.8359999999999985
C,48.258,Q189004,college,25793,1486,5.761,0.002,-42.497
C,48.258,Q15243209,historic district,10531,1383,13.133,0.002,-35.125
C,48.258,Q34023,tumulus,9551,7504,78.568,0.009,30.309999999999995
C,48.258,Q12284,canal,37993,3297,8.678,0.004,-39.58
C,48.258,Q585956,masia,43017,41967,97.559,0.052,49.300999999999995
C,48.258,Q22808320,Wikimedia human name disambiguation page,70686,1739,2.46,0.002,-45.798
C,48.258,Q11753321,Wikimedia navigational template,45111,3108,6.89,0.004,-41.368
C,48.258,Q327333,government agency,12233,1919,15.687,0.002,-32.571000000000005
C,48.258,Q26887310,association football team season,34937,5861,16.776,0.007,-31.482000000000003
C,48.258,Q860861,sculpture,47311,7945,16.793,0.01,-31.465000000000003
C,48.258,Q185113,cape,14981,2478,16.541,0.003,-31.717000000000002
C,48.258,Q7889,video game,45126,29345,65.029,0.036,16.770999999999994
C,48.258,Q192287,subdivisions of Russia,15923,8868,55.693,0.011,7.434999999999995
C,48.258,Q121117,supercomputer,18212,54,0.297,0.0,-47.961000000000006
C,48.258,Q31855,research institute,10940,3260,29.799,0.004,-18.459000000000003
C,48.258,Q3052382,fonds,12159,307,2.525,0.0,-45.733000000000004
C,48.258,Q18761202,watercolor painting,9365,402,4.293,0.0,-43.965
C,48.258,Q1002697,periodical,51707,35549,68.751,0.044,20.493000000000002
C,48.258,Q24529780,point,25294,1856,7.338,0.002,-40.92
C,48.258,Q104093746,lake or pond,31274,31050,99.284,0.038,51.026
C,48.258,Q27020041,sports season,151681,31017,20.449,0.038,-27.809
C,48.258,Q133056,mountain pass,15049,1848,12.28,0.002,-35.978
C,48.258,Q7397,software,9598,2277,23.724,0.003,-24.534000000000002
C,48.258,Q6999,astronomical object,8404907,4107902,48.875,5.078,0.6169999999999973
C,48.258,Q3914,school,35772,8476,23.695,0.01,-24.563000000000002
C,48.258,Q417841,protein family,24204,961,3.97,0.001,-44.288000000000004
C,48.258,Q22969563,bodendenkmal,50178,49768,99.183,0.062,50.925000000000004
C,48.258,Q26894053,basketball team season,12010,351,2.923,0.0,-45.335
C,48.258,Q489357,farmhouse,40168,1948,4.85,0.002,-43.408
C,48.258,Q732577,publication,33217,24170,72.764,0.03,24.505999999999993
C,48.258,Q27686,hotel,12627,2683,21.248,0.003,-27.01
C,48.258,Q21672098,village of Ukraine,26519,25712,96.957,0.032,48.69899999999999
C,48.258,Q15184295,Wikimedia module,49412,64,0.13,0.0,-48.128
C,48.258,Q15303838,municipality seat,15385,10485,68.151,0.013,19.892999999999994
C,48.258,Q178561,battle,13917,5355,38.478,0.007,-9.780000000000001
C,48.258,Q23397,lake,261264,84230,32.239,0.104,-16.019000000000005
C,48.258,Q66826848,"protein obsoleted in UniProtKB, SwissProt, TrEMBL",19800,7932,40.061,0.01,-8.197000000000003
C,48.258,Q7278,political party,18728,6418,34.27,0.008,-13.988
C,48.258,Q34038,waterfall,10448,1172,11.217,0.001,-37.041000000000004
C,48.258,Q14860489,molecular function,10897,87,0.798,0.0,-47.46
C,48.258,Q16887380,group,20836,364,1.747,0.0,-46.511
C,48.258,Q2065736,cultural property,53599,5033,9.39,0.006,-38.868
C,48.258,Q15773317,television character,9351,2826,30.221,0.003,-18.037000000000003
C,48.258,Q506240,television film,17746,7367,41.514,0.009,-6.744
C,48.258,Q61278455,health sub-centre,84,1,1.19,0.0,-47.068000000000005
C,48.258,Q29023906,temporary exhibition,6210,1102,17.746,0.001,-30.512000000000004
C,48.258,Q2593777,grave field,10895,755,6.93,0.001,-41.328
C,48.258,Q484170,commune of France,45578,7261,15.931,0.009,-32.327000000000005
C,48.258,Q277338,pseudogene,57715,7303,12.654,0.009,-35.604
C,48.258,Q4167836,Wikimedia category,3462975,808759,23.354,1.0,-24.904000000000003
C,48.258,Q35127,website,12020,2427,20.191,0.003,-28.067000000000004
C,48.258,Q23038290,fossil taxon,104759,74816,71.417,0.092,23.159
C,48.258,Q126807,kindergarten,34209,26402,77.179,0.033,28.921
C,48.258,Q149566,middle school,10032,2857,28.479,0.004,-19.779000000000003
C,48.258,Q1505023,Interpellation,12570,4,0.032,0.0,-48.226000000000006
C,48.258,Q26211545,desa,18751,16925,90.262,0.021,42.004
C,48.258,Q310890,monotypic taxon,10067,5577,55.399,0.007,7.140999999999998
C,48.258,Q852190,shipwreck,24502,216,0.882,0.0,-47.376000000000005
C,48.258,Q59542487,Wikimedia set category,34212,14330,41.886,0.018,-6.372
C,48.258,Q163740,nonprofit organization,19688,3896,19.789,0.005,-28.469
C,48.258,Q59199015,group of stereoisomers,123772,454,0.367,0.001,-47.891000000000005
C,48.258,Q81505329,protein family associated with domain,12460,50,0.401,0.0,-47.857
C,48.258,Q25379,play,1631,432,26.487,0.001,-21.771000000000004
C,48.258,Q47345468,tennis tournament edition,14022,9347,66.66,0.012,18.401999999999994
C,48.258,Q30198,marsh,22146,735,3.319,0.001,-44.939
C,48.258,Q47461344,written work,79025,38296,48.461,0.047,0.20299999999999585
C,48.258,Q15416,television program,44755,4621,10.325,0.006,-37.93300000000001
C,48.258,Q176799,military unit,20296,1267,6.243,0.002,-42.015
C,48.258,Q3950,villa,16232,3202,19.726,0.004,-28.532000000000004
C,48.258,Q107102664,cell line from embryonic stem cells,16103,24,0.149,0.0,-48.109
C,48.258,Q6881511,enterprise,48095,29261,60.84,0.036,12.582
C,48.258,Q11446,ship,78164,12020,15.378,0.015,-32.88
C,48.258,Q6453643,decree law,12391,12386,99.96,0.015,51.70199999999999
C,48.258,Q56731284,Act of the Parliament of Australia,529,7,1.323,0.0,-46.935
C,48.258,Q40231,election,18159,388,2.137,0.0,-46.121
C,48.258,Q8436,family,11480,1880,16.376,0.002,-31.882
C,48.258,Q7187,gene,705735,315693,44.733,0.39,-3.5250000000000057
C,48.258,Q215380,musical group,82485,39062,47.356,0.048,-0.902000000000001
C,48.258,Q2151232,townland,60769,222,0.365,0.0,-47.893
C,48.258,Q1134686,frazione,18970,17750,93.569,0.022,45.311
C,48.258,Q13406463,Wikimedia list article,335710,25688,7.652,0.032,-40.606
C,48.258,Q1248784,airport,24402,17406,71.33,0.022,23.071999999999996
C,48.258,Q1266946,thesis,2642,43,1.628,0.0,-46.63
C,48.258,Q7725634,literary work,182386,30538,16.744,0.038,-31.514000000000003
C,48.258,Q9826,high school,30633,6115,19.962,0.008,-28.296000000000003
C,48.258,Q39594,bay,32200,2738,8.503,0.003,-39.755
C,48.258,Q187971,wadi,27546,902,3.275,0.001,-44.983000000000004
C,48.258,Q5783996,cottage,37588,392,1.043,0.0,-47.215
C,48.258,Q11060274,print,132353,10217,7.72,0.013,-40.538000000000004
C,48.258,Q46831,mountain range,22269,5487,24.64,0.007,-23.618000000000002
C,48.258,Q1115575,civil parish,12157,10068,82.816,0.012,34.558
C,48.258,Q18663566,dissolved municipality of Japan,15238,11002,72.201,0.014,23.94299999999999
C,48.258,Q571,book,26597,5354,20.13,0.007,-28.128000000000004
C,48.258,Q4022,river,361967,142400,39.341,0.176,-8.917000000000002
C,48.258,Q839954,archaeological site,51391,12750,24.81,0.016,-23.448000000000004
C,48.258,Q51591359,voting result,10510,2,0.019,0.0,-48.239000000000004
C,48.258,Q79007,street,587014,353927,60.293,0.438,12.034999999999997
C,48.258,Q985488,residential community of the People's Republic of China,3591,272,7.574,0.0,-40.684000000000005
C,48.258,Q21014462,cell line,130948,1041,0.795,0.001,-47.463
C,48.258,Q773668,open-access journal,12089,10770,89.089,0.013,40.830999999999996
C,48.258,Q253019,Ortsteil,40784,35404,86.809,0.044,38.550999999999995
C,48.258,Q101352,family name,454661,402507,88.529,0.498,40.270999999999994
C,48.258,Q3331189,"version, edition, or translation",154805,43689,28.222,0.054,-20.036
C,48.258,Q191067,article,57458,23639,41.141,0.029,-7.117000000000004
C,48.258,Q1529096,village in Turkey,18892,17313,91.642,0.021,43.38399999999999
C,48.258,Q891723,public company,12377,3937,31.809,0.005,-16.449
C,48.258,Q55659167,natural watercourse,21149,17298,81.791,0.021,33.532999999999994
C,48.258,Q125191,photograph,59355,14789,24.916,0.018,-23.342000000000002
C,48.258,Q8054,protein,809969,486888,60.112,0.602,11.854
C,48.258,Q23413,castle,20872,8481,40.633,0.01,-7.625
C,48.258,Q2467461,academic department,15682,11049,70.457,0.014,22.19899999999999
C,48.258,Q55850593,music track with vocals,11456,2202,19.221,0.003,-29.037000000000003
C,48.258,Q34442,road,62799,32909,52.404,0.041,4.146000000000001
C,48.258,Q4830453,business,187007,53553,28.637,0.066,-19.621000000000002
C,48.258,Q898273,protein domain,11707,368,3.143,0.0,-45.115
C,48.258,Q5398426,television series,59171,28904,48.848,0.036,0.5899999999999963
C,48.258,Q15632617,fictional human,27985,9406,33.611,0.012,-14.647000000000006
C,48.258,Q33506,museum,41302,12439,30.117,0.015,-18.141000000000002
C,48.258,Q10429085,report,10349,4,0.039,0.0,-48.219
C,48.258,Q96739634,individual motion,61160,18,0.029,0.0,-48.229
C,48.258,Q61089180,part of municipality in the Czech Republic,11475,8775,76.471,0.011,28.213
C,48.258,Q3257686,locality,39376,12198,30.978,0.015,-17.28
C,48.258,Q131681,reservoir,12209,2437,19.961,0.003,-28.297000000000004
C,48.258,Q29654788,Unicode character,151161,129615,85.746,0.16,37.48799999999999
C,48.258,Q486972,human settlement,549231,188177,34.262,0.233,-13.996000000000002
C,48.258,Q93184,drawing,91219,12390,13.583,0.015,-34.675000000000004
C,48.258,Q67015940,Government Boys' Primary School,72,2,2.778,0.0,-45.480000000000004
C,48.258,Q22698,park,33393,3717,11.131,0.005,-37.127
C,48.258,Q838948,work of art,23498,3375,14.363,0.004,-33.895
C,48.258,Q2668072,collection,434349,282,0.065,0.0,-48.193000000000005
C,48.258,Q134556,single,92641,66962,72.281,0.083,24.023000000000003
C,48.258,Q2514025,posyolok,16063,5237,32.603,0.006,-15.655000000000001
C,48.258,Q207326,summit,17212,4057,23.571,0.005,-24.687
C,48.258,Q16466010,association football match,629,95,15.103,0.0,-33.155
C,48.258,Q46190676,tennis event,25831,4246,16.438,0.005,-31.820000000000004
C,48.258,Q4504495,award ceremony,12579,746,5.931,0.001,-42.327000000000005
C,48.258,Q358,heritage site,13120,737,5.617,0.001,-42.641000000000005
C,48.258,Q11173,chemical compound,1244185,11804,0.949,0.015,-47.309000000000005
C,48.258,Q17018380,bight,15395,872,5.664,0.001,-42.594
C,48.258,Q56436498,village in India,145776,56210,38.559,0.069,-9.699000000000005
C,48.258,Q18127,record label,10205,3334,32.67,0.004,-15.588000000000001
C,48.258,Q49008,prime number,127515,1262,0.99,0.002,-47.268
C,48.258,Q7075,library,23192,7285,31.412,0.009,-16.846000000000004
C,48.258,Q55488,railway station,100631,56101,55.749,0.069,7.491
C,48.258,Q2225692,fourth-level administrative division in Indonesia,82911,77091,92.98,0.095,44.722
C,48.258,Q1516079,cultural heritage ensemble,37485,4676,12.474,0.006,-35.784000000000006
C,48.258,Q124714,spring,48741,5842,11.986,0.007,-36.272000000000006
C,48.258,Q41176,building,280240,66708,23.804,0.082,-24.454000000000004
C,48.258,Q3464665,television series season,19063,8694,45.607,0.011,-2.6510000000000034
C,48.258,Q19855165,rural school,68025,13,0.019,0.0,-48.239000000000004
C,48.258,Q1497375,architectural ensemble,6764,1961,28.992,0.002,-19.266000000000002
C,48.258,Q55659107,intermittent natural watercourse,16386,366,2.234,0.0,-46.024
C,48.258,Q2085381,publisher,13628,5231,38.384,0.006,-9.874000000000002
C,48.258,Q24862,short film,29764,17984,60.422,0.022,12.163999999999994
C,48.258,Q3231690,automobile model,10485,5763,54.964,0.007,6.705999999999996
C,48.258,Q5,human,9166320,3572265,38.972,4.416,-9.286000000000001
C,48.258,Q210272,cultural heritage,18584,5417,29.149,0.007,-19.109
C,48.258,Q65954115,State Bank of India branch,22464,1414,6.295,0.002,-41.963
C,48.258,Q13433827,encyclopedia article,440437,46945,10.659,0.058,-37.599000000000004
C,48.258,Q16510064,sporting event,27852,1907,6.847,0.002,-41.411
C,48.258,Q1081138,historic site,8575,3206,37.388,0.004,-10.870000000000005
C,48.258,Q473972,protected area,83445,74144,88.854,0.092,40.596
C,48.258,Q220659,archaeological artifact,19994,1816,9.083,0.002,-39.175000000000004
C,48.258,Q740445,ridge,12614,538,4.265,0.001,-43.993
C,48.258,Q482994,album,270197,187245,69.299,0.231,21.041000000000004
C,48.258,Q5633421,scientific journal,96925,38821,40.053,0.048,-8.205000000000005
C,48.258,Q15647814,Wikimedia administration category,11998,699,5.826,0.001,-42.432
C,48.258,Q427087,non-coding RNA,77284,83,0.107,0.0,-48.151
C,48.258,Q532,village,262129,147322,56.202,0.182,7.9439999999999955
C,48.258,Q105543609,musical work/composition,95634,43840,45.841,0.054,-2.4170000000000016
C,48.258,Q4167410,Wikimedia disambiguation page,1378294,187687,13.617,0.232,-34.641000000000005
C,48.258,Q40080,beach,15340,1677,10.932,0.002,-37.326
C,48.258,Q3947,house,201399,24350,12.09,0.03,-36.168000000000006
C,48.258,Q728937,railway line,14220,5682,39.958,0.007,-8.300000000000004
C,48.258,Q46135307,nation at sport competition,11753,269,2.289,0.0,-45.969
C,48.258,Q155076,juridical person,23506,27,0.115,0.0,-48.143
C,48.258,Q26895936,American football team season,22587,32,0.142,0.0,-48.116
C,48.258,Q4414033,rural council of Ukraine,10093,4482,44.407,0.006,-3.851000000000006
C,48.258,Q5707594,news article,6622,128,1.933,0.0,-46.325
C,48.258,Q17633526,Wikinews article,286936,4482,1.562,0.006,-46.696000000000005
C,48.258,Q4421,forest,21637,1709,7.899,0.002,-40.359
C,48.258,Q1539532,sports season of a sports club,18808,83,0.441,0.0,-47.817
C,48.258,Q50386450,operatic character,1205,1115,92.531,0.001,44.273
C,48.258,Q44613,monastery,13112,3740,28.523,0.005,-19.735000000000003
C,48.258,Q62447,aerodrome,18341,9428,51.404,0.012,3.146000000000001
C,48.258,Q16917,hospital,27686,6404,23.131,0.008,-25.127000000000002
C,48.258,Q21199,natural number,10387,10156,97.776,0.013,49.517999999999994
C,48.258,Q28564,public library,35485,6586,18.56,0.008,-29.698000000000004
C,48.258,Q355304,watercourse,165683,77660,46.873,0.096,-1.3850000000000051
C,48.258,Q3305213,painting,541603,127481,23.538,0.158,-24.720000000000002
C,48.258,Q39614,cemetery,82525,10220,12.384,0.013,-35.874
C,48.258,Q820655,legislation,27015,15561,57.601,0.019,9.342999999999996
C,48.258,Q19692072,United States Supreme Court decision,5400,502,9.296,0.001,-38.962
C,48.258,Q842402,Hindu temple,14918,421,2.822,0.001,-45.436
C,48.258,Q735428,town in China,20213,3363,16.638,0.004,-31.62
C,48.258,Q928830,metro station,15076,10756,71.345,0.013,23.086999999999996
C,48.258,Q294414,public office,13525,767,5.671,0.001,-42.587
C,48.258,Q12323,dam,49445,6724,13.599,0.008,-34.659000000000006
C,48.258,Q16560,palace,11852,3129,26.401,0.004,-21.857000000000003
C,48.258,Q820477,mine,9474,1433,15.126,0.002,-33.132000000000005
C,48.258,Q1348305,erratum,78921,54560,69.132,0.067,20.874000000000002
C,48.258,Q16521,taxon,3338177,2407628,72.124,2.976,23.865999999999993
C,48.258,Q21191270,television series episode,65505,23623,36.063,0.029,-12.195
C,48.258,Q21198342,manga series,13376,2306,17.24,0.003,-31.018000000000004
C,48.258,Q783794,company,11150,1124,10.081,0.001,-38.17700000000001
C,48.258,Q9842,primary school,131391,42625,32.441,0.053,-15.817
C,48.258,Q108325,chapel,55698,19992,35.894,0.025,-12.364000000000004
C,48.258,Q1302249,cross-reference,16469,14709,89.313,0.018,41.055
C,48.258,Q811979,architectural structure,108595,10585,9.747,0.013,-38.511
C,48.258,Q10870555,report,20422,8493,41.588,0.01,-6.670000000000002
C,48.258,Q1260524,time of the day,87882,12,0.014,0.0,-48.244
C,48.258,Q11032,newspaper,39789,23626,59.378,0.029,11.119999999999997
C,48.258,Q17524420,aspect of history,12078,1039,8.602,0.001,-39.656000000000006
C,48.258,Q11424,film,260188,107851,41.451,0.133,-6.807000000000002
C,48.258,Q54050,hill,312047,129988,41.657,0.161,-6.601000000000006
C,48.258,Q187223,lagoon,4517,479,10.604,0.001,-37.654
C,48.258,Q174782,square,14918,6386,42.807,0.008,-5.4510000000000005
C,48.258,Q18340514,events in a specific year or time period,45039,10609,23.555,0.013,-24.703000000000003
C,48.258,Q3558970,village of Poland,56075,53184,94.844,0.066,46.58599999999999
C,48.258,Q3918,university,13631,5418,39.748,0.007,-8.510000000000005
C,48.258,Q18593264,item of collection or exhibition,129884,1134,0.873,0.001,-47.385000000000005
C,48.258,Q13442814,scholarly article,33923067,24539904,72.34,30.335,24.082
C,48.258,Q13417114,noble family,9936,2087,21.004,0.003,-27.254
C,48.258,Q23442,island,149272,46883,31.408,0.058,-16.85
C,48.258,Q123705,neighborhood,26522,11830,44.604,0.015,-3.6540000000000035
C,48.258,Q953806,bus stop,11596,240,2.07,0.0,-46.188
C,48.258,Q27671617,finite cell line,11153,54,0.484,0.0,-47.774
C,48.258,Q7321974,cairn,1133,47,4.148,0.0,-44.11
C,48.258,Q43229,organization,77889,13959,17.922,0.017,-30.336000000000002
C,48.258,Q815382,meta-analysis,109693,80941,73.789,0.1,25.531
C,48.258,Q212198,pub,15013,10813,72.024,0.013,23.766
C,48.258,Q2334719,legal case,7063,125,1.77,0.0,-46.488
C,48.258,Q482,poetry,16332,163,0.998,0.0,-47.260000000000005
C,48.258,Q814254,feature,10768,10702,99.387,0.013,51.129
C,48.258,Q24354,theatre,11816,4600,38.93,0.006,-9.328000000000003
C,48.258,Q452237,motion,76728,23,0.03,0.0,-48.228
C,48.258,Q20541692,"settlement in Galicia, Spain",9477,616,6.5,0.001,-41.758
C,48.258,Q19860854,destroyed building or structure,21657,1136,5.245,0.001,-43.013000000000005
C,48.258,Q27555384,transformed cell line,47984,109,0.227,0.0,-48.031000000000006
C,48.258,Q207524,islet,16884,678,4.016,0.001,-44.242000000000004
C,48.258,Q5358913,elementary school in Japan,18411,527,2.862,0.001,-45.396
C,48.258,Q2341654,stone setting,58482,58,0.099,0.0,-48.159000000000006
C,48.258,Q42195,petroglyph,537,80,14.898,0.0,-33.36
C,48.258,Q46686,reredos,4292,216,5.033,0.0,-43.225
C,48.258,Q420927,protein complex,13158,9,0.068,0.0,-48.190000000000005
C,48.258,Q65661087,village in Belarus,16612,9326,56.14,0.012,7.881999999999998
C,48.258,Q30612,clinical trial,356734,1905,0.534,0.002,-47.724000000000004
C,48.258,Q41253,movie theater,52998,3640,6.868,0.004,-41.39
C,48.258,Q476028,association football club,36247,18518,51.088,0.023,2.8299999999999983
C,48.258,Q5084,hamlet,94142,33401,35.479,0.041,-12.779000000000003
C,48.258,Q34770,language,9458,5341,56.471,0.007,8.212999999999994
C,48.258,Q751876,château,24913,5851,23.486,0.007,-24.772000000000002
C,48.258,Q847017,sports club,21891,2880,13.156,0.004,-35.102000000000004
C,48.258,Q35509,cave,14579,1846,12.662,0.002,-35.596000000000004
C,48.258,Q1195098,ward,26058,22355,85.789,0.028,37.531
C,48.258,Q187685,doctoral thesis,21906,449,2.05,0.001,-46.208000000000006
C,48.258,Q47521,stream,52963,7454,14.074,0.009,-34.184000000000005
C,48.258,Q11266439,Wikimedia template,850274,10830,1.274,0.013,-46.984
C,48.258,Q24046192,Wikimedia category of stubs,9481,641,6.761,0.001,-41.497
C,48.258,Q2116450,manor estate,19216,16426,85.481,0.02,37.22299999999999
C,48.258,Q19389637,biographical article,161931,53240,32.878,0.066,-15.380000000000003
C,48.258,Q2042028,ravine,8868,851,9.596,0.001,-38.662000000000006
C,48.258,Q39816,valley,66889,3957,5.916,0.005,-42.342
C,48.258,Q4989906,monument,26626,6856,25.749,0.008,-22.509000000000004
C,48.258,Q1681353,bog,27417,215,0.784,0.0,-47.474000000000004
C,48.258,Q12317349,main library,13495,462,3.423,0.001,-44.835
C,48.258,Q23925393,Douar,32009,270,0.844,0.0,-47.414
C,48.258,Q107103143,Induced pluripotent stem cell line,12730,18,0.141,0.0,-48.117000000000004
C,48.258,Q16970,church building,210578,86393,41.027,0.107,-7.231000000000002
C,48.258,Q17343829,unincorporated community in the United States,38906,25385,65.247,0.031,16.988999999999997
C,48.258,Q13100073,village-level division in China,85627,986,1.152,0.001,-47.106
C,48.258,Q11755880,residential building,11842,4449,37.57,0.005,-10.688000000000002
C,48.258,Q5185279,poem,104565,2081,1.99,0.003,-46.268
C,48.258,Q1577547,revenue house,18544,1718,9.264,0.002,-38.994
C,48.258,Q26703203,stumbling stone,16346,3999,24.465,0.005,-23.793000000000003
C,48.258,Q737498,academic journal,22133,17327,78.286,0.021,30.028
C,48.258,Q1580166,dictionary entry,70349,336,0.478,0.0,-47.78
C,48.258,Q13406554,sports competition,13552,1516,11.187,0.002,-37.071000000000005
C,48.258,Q1303167,barn,19902,3799,19.089,0.005,-29.169000000000004
C,48.258,Q235557,file format,12064,346,2.868,0.0,-45.39
C,48.258,Q23894233,Wikimedia templates category,14687,1322,9.001,0.002,-39.257000000000005
C,48.258,Q634099,rural settlement of Russia,18760,3558,18.966,0.004,-29.292
C,48.258,Q15221623,bilateral relation,15289,3355,21.944,0.004,-26.314000000000004
C,48.258,Q12280,bridge,24711,14017,56.724,0.017,8.465999999999994
C,48.258,Q1504425,systematic review,12020,9597,79.842,0.012,31.583999999999996
C,48.258,Q97695005,committee group motion,11632,26,0.224,0.0,-48.034000000000006
C,48.258,Q14350,radio station,25872,15180,58.673,0.019,10.415
C,48.258,Q57733494,badminton event,61030,2311,3.787,0.003,-44.471000000000004
C,48.258,Q2231510,col,10983,242,2.203,0.0,-46.055
C,48.258,Q102496,parish,12015,403,3.354,0.0,-44.904
C,48.258,Q179049,nature reserve,9890,2305,23.306,0.003,-24.952
C,48.258,Q8502,mountain,500851,315073,62.908,0.389,14.649999999999999
C,48.258,Q6503489,Law of the Republic of China,13227,8,0.06,0.0,-48.198
C,48.258,Q2309609,wayside cross,19855,1576,7.938,0.002,-40.32
C,48.258,Q2996394,biological process,41836,487,1.164,0.001,-47.094
C,48.258,Q34763,peninsula,25492,4619,18.119,0.006,-30.139000000000003
C,48.258,Q21573182,Naturdenkmal in Germany,5247,579,11.035,0.001,-37.223
C,48.258,Q59541917,Wikimedia topic category,13493,11383,84.362,0.014,36.10399999999999
C,48.258,Q23058136,cancer cell line,28235,383,1.356,0.0,-46.902
C,48.258,Q67383935,co-educational school,73750,46,0.062,0.0,-48.196000000000005
C,48.258,Q106006703,local regulations of the People's Republic of China,15569,4,0.026,0.0,-48.232
C,48.258,Q61443650,sub post office,24761,34,0.137,0.0,-48.121
C,48.258,Q1238720,volume,11992,129,1.076,0.0,-47.182
C,48.258,Q56428020,Wikimedia lists category,12933,2281,17.637,0.003,-30.621000000000002
C,48.258,Q67015883,group or class of enzymes,10904,1991,18.259,0.002,-29.999000000000002
C,48.258,Q14659,coat of arms,9307,307,3.299,0.0,-44.959
C,48.258,Q11879590,female given name,23557,12591,53.449,0.016,5.190999999999995
C,48.258,Q179700,statue,44073,2566,5.822,0.003,-42.436
C,48.258,Q575759,war memorial,16311,1472,9.025,0.002,-39.233000000000004
C,48.258,Q726,horse,13374,2915,21.796,0.004,-26.462000000000003
C,48.258,Q159334,secondary school,16906,5827,34.467,0.007,-13.791000000000004
C,48.258,Q41298,magazine,25771,3988,15.475,0.005,-32.783
C,48.258,Q61443690,branch post office,129178,539,0.417,0.001,-47.841
C,48.258,Q202444,given name,20220,3548,17.547,0.004,-30.711000000000002
C,48.258,Q3508250,Syndicat intercommunal,14332,1,0.007,0.0,-48.251000000000005
C,48.258,Q7777570,theatrical production,2289,960,41.94,0.001,-6.318000000000005
C,48.258,Q3957,town,14268,9939,69.659,0.012,21.401000000000003
C,48.258,Q47150325,calendar day of a given year,189357,6407,3.384,0.008,-44.874
C,48.258,Q169930,extended play,12442,4001,32.157,0.005,-16.101000000000006
C,48.258,Q18918145,academic journal article,22266,6977,31.335,0.009,-16.923000000000002
C,48.258,Q459297,qanat,13596,7,0.051,0.0,-48.207
C,48.258,Q99045339,written question,34276,7,0.02,0.0,-48.238
C,48.258,Q2732840,Gram panchayat,4028,952,23.635,0.001,-24.623
C,48.258,Q50231,administrative territorial entity of the People's Republic of China,516,15,2.907,0.0,-45.351
C,48.258,Q7604686,UK Statutory Instrument,88746,5439,6.129,0.007,-42.129000000000005
C,48.258,Q160091,plain,10329,498,4.821,0.001,-43.437000000000005
D,30.725,Q166735,swamp,7690,6469,84.122,0.008,53.397
D,30.725,Q618779,award,17375,9126,52.524,0.011,21.799
D,30.725,Q14204246,Wikimedia project page,31298,2061,6.585,0.003,-24.14
D,30.725,Q965568,kelurahan,8815,415,4.708,0.001,-26.017000000000003
D,30.725,Q4164871,position,117200,109311,93.269,0.135,62.544000000000004
D,30.725,Q12308941,male given name,37643,15338,40.746,0.019,10.021
D,30.725,Q189004,college,25793,21475,83.259,0.027,52.534
D,30.725,Q15243209,historic district,10531,7765,73.735,0.01,43.01
D,30.725,Q34023,tumulus,9551,1377,14.417,0.002,-16.308
D,30.725,Q12284,canal,37993,29670,78.093,0.037,47.368
D,30.725,Q585956,masia,43017,1000,2.325,0.001,-28.400000000000002
D,30.725,Q22808320,Wikimedia human name disambiguation page,70686,5030,7.116,0.006,-23.609
D,30.725,Q11753321,Wikimedia navigational template,45111,4518,10.015,0.006,-20.71
D,30.725,Q327333,government agency,12233,8176,66.836,0.01,36.111
D,30.725,Q26887310,association football team season,34937,27542,78.833,0.034,48.108
D,30.725,Q860861,sculpture,47311,37970,80.256,0.047,49.531
D,30.725,Q185113,cape,14981,8643,57.693,0.011,26.967999999999996
D,30.725,Q7889,video game,45126,9136,20.246,0.011,-10.479000000000003
D,30.725,Q192287,subdivisions of Russia,15923,5243,32.927,0.006,2.201999999999998
D,30.725,Q121117,supercomputer,18212,853,4.684,0.001,-26.041
D,30.725,Q31855,research institute,10940,7168,65.521,0.009,34.796
D,30.725,Q3052382,fonds,12159,11834,97.327,0.015,66.602
D,30.725,Q18761202,watercolor painting,9365,7954,84.933,0.01,54.208000000000006
D,30.725,Q1002697,periodical,51707,12796,24.747,0.016,-5.9780000000000015
D,30.725,Q24529780,point,25294,19631,77.611,0.024,46.886
D,30.725,Q104093746,lake or pond,31274,71,0.227,0.0,-30.498
D,30.725,Q27020041,sports season,151681,96492,63.615,0.119,32.89
D,30.725,Q133056,mountain pass,15049,12042,80.019,0.015,49.294000000000004
D,30.725,Q7397,software,9598,5160,53.761,0.006,23.036
D,30.725,Q6999,astronomical object,8404907,2552206,30.366,3.155,-0.35900000000000176
D,30.725,Q3914,school,35772,23309,65.16,0.029,34.434999999999995
D,30.725,Q417841,protein family,24204,22013,90.948,0.027,60.22299999999999
D,30.725,Q22969563,bodendenkmal,50178,190,0.379,0.0,-30.346
D,30.725,Q26894053,basketball team season,12010,11159,92.914,0.014,62.189
D,30.725,Q489357,farmhouse,40168,38089,94.824,0.047,64.09899999999999
D,30.725,Q732577,publication,33217,8952,26.95,0.011,-3.775000000000002
D,30.725,Q27686,hotel,12627,8382,66.382,0.01,35.657000000000004
D,30.725,Q21672098,village of Ukraine,26519,784,2.956,0.001,-27.769000000000002
D,30.725,Q15184295,Wikimedia module,49412,268,0.542,0.0,-30.183
D,30.725,Q15303838,municipality seat,15385,1784,11.596,0.002,-19.129
D,30.725,Q178561,battle,13917,5464,39.261,0.007,8.536000000000001
D,30.725,Q23397,lake,261264,169769,64.98,0.21,34.255
D,30.725,Q66826848,"protein obsoleted in UniProtKB, SwissProt, TrEMBL",19800,11861,59.904,0.015,29.179000000000002
D,30.725,Q7278,political party,18728,10937,58.399,0.014,27.674
D,30.725,Q34038,waterfall,10448,5570,53.312,0.007,22.586999999999996
D,30.725,Q14860489,molecular function,10897,10808,99.183,0.013,68.458
D,30.725,Q16887380,group,20836,20293,97.394,0.025,66.66900000000001
D,30.725,Q2065736,cultural property,53599,31998,59.699,0.04,28.973999999999997
D,30.725,Q15773317,television character,9351,6076,64.977,0.008,34.252
D,30.725,Q506240,television film,17746,9441,53.201,0.012,22.476
D,30.725,Q61278455,health sub-centre,84,75,89.286,0.0,58.561
D,30.725,Q29023906,temporary exhibition,6210,5003,80.564,0.006,49.83899999999999
D,30.725,Q2593777,grave field,10895,9465,86.875,0.012,56.15
D,30.725,Q484170,commune of France,45578,590,1.294,0.001,-29.431
D,30.725,Q277338,pseudogene,57715,9063,15.703,0.011,-15.022000000000002
D,30.725,Q4167836,Wikimedia category,3462975,1107390,31.978,1.369,1.2530000000000001
D,30.725,Q35127,website,12020,7203,59.925,0.009,29.199999999999996
D,30.725,Q26267864,Wikimedia KML file,2564,3,0.117,0.0,-30.608
D,30.725,Q23038290,fossil taxon,104759,28683,27.38,0.035,-3.3450000000000024
D,30.725,Q126807,kindergarten,34209,6746,19.72,0.008,-11.005000000000003
D,30.725,Q149566,middle school,10032,6285,62.65,0.008,31.924999999999997
D,30.725,Q1505023,Interpellation,12570,12566,99.968,0.016,69.243
D,30.725,Q26211545,desa,18751,863,4.602,0.001,-26.123
D,30.725,Q310890,monotypic taxon,10067,116,1.152,0.0,-29.573
D,30.725,Q852190,shipwreck,24502,24205,98.788,0.03,68.06299999999999
D,30.725,Q59542487,Wikimedia set category,34212,19832,57.968,0.025,27.243000000000002
D,30.725,Q163740,nonprofit organization,19688,13912,70.662,0.017,39.937000000000005
D,30.725,Q59199015,group of stereoisomers,123772,122336,98.84,0.151,68.11500000000001
D,30.725,Q81505329,protein family associated with domain,12460,12404,99.551,0.015,68.826
D,30.725,Q25379,play,1631,896,54.936,0.001,24.211
D,30.725,Q47345468,tennis tournament edition,14022,4078,29.083,0.005,-1.642000000000003
D,30.725,Q30198,marsh,22146,18673,84.318,0.023,53.592999999999996
D,30.725,Q47461344,written work,79025,35764,45.257,0.044,14.531999999999996
D,30.725,Q15416,television program,44755,29969,66.962,0.037,36.237
D,30.725,Q176799,military unit,20296,14934,73.581,0.018,42.856
D,30.725,Q3950,villa,16232,11545,71.125,0.014,40.4
D,30.725,Q6881511,enterprise,48095,13631,28.342,0.017,-2.3830000000000027
D,30.725,Q11446,ship,78164,61467,78.639,0.076,47.913999999999994
D,30.725,Q6453643,decree law,12391,5,0.04,0.0,-30.685000000000002
D,30.725,Q56731284,Act of the Parliament of Australia,529,521,98.488,0.001,67.763
D,30.725,Q40231,election,18159,9541,52.541,0.012,21.815999999999995
D,30.725,Q8436,family,11480,6146,53.537,0.008,22.811999999999998
D,30.725,Q7187,gene,705735,203880,28.889,0.252,-1.836000000000002
D,30.725,Q215380,musical group,82485,35506,43.045,0.044,12.32
D,30.725,Q2151232,townland,60769,60391,99.378,0.075,68.65299999999999
D,30.725,Q1134686,frazione,18970,1073,5.656,0.001,-25.069000000000003
D,30.725,Q13406463,Wikimedia list article,335710,217874,64.899,0.269,34.174
D,30.725,Q1248784,airport,24402,4554,18.662,0.006,-12.063000000000002
D,30.725,Q1266946,thesis,2642,852,32.248,0.001,1.5229999999999961
D,30.725,Q7725634,literary work,182386,116994,64.146,0.145,33.421
D,30.725,Q9826,high school,30633,23561,76.914,0.029,46.189
D,30.725,Q39594,bay,32200,25875,80.357,0.032,49.632
D,30.725,Q187971,wadi,27546,6904,25.064,0.009,-5.661000000000001
D,30.725,Q5783996,cottage,37588,37176,98.904,0.046,68.179
D,30.725,Q11060274,print,132353,120936,91.374,0.149,60.648999999999994
D,30.725,Q46831,mountain range,22269,15795,70.928,0.02,40.202999999999996
D,30.725,Q1115575,civil parish,12157,2029,16.69,0.003,-14.035
D,30.725,Q18663566,dissolved municipality of Japan,15238,4205,27.595,0.005,-3.1300000000000026
D,30.725,Q571,book,26597,18412,69.226,0.023,38.501
D,30.725,Q4022,river,361967,204317,56.446,0.253,25.720999999999997
D,30.725,Q839954,archaeological site,51391,34607,67.341,0.043,36.61599999999999
D,30.725,Q51591359,voting result,10510,10507,99.971,0.013,69.24600000000001
D,30.725,Q79007,street,587014,227702,38.79,0.281,8.064999999999998
D,30.725,Q985488,residential community of the People's Republic of China,3591,2493,69.424,0.003,38.699000000000005
D,30.725,Q21014462,cell line,130948,1,0.001,0.0,-30.724
D,30.725,Q773668,open-access journal,12089,564,4.665,0.001,-26.060000000000002
D,30.725,Q253019,Ortsteil,40784,4020,9.857,0.005,-20.868000000000002
D,30.725,Q101352,family name,454661,34751,7.643,0.043,-23.082
D,30.725,Q3331189,"version, edition, or translation",154805,74328,48.014,0.092,17.289
D,30.725,Q191067,article,57458,31608,55.011,0.039,24.286
D,30.725,Q1529096,village in Turkey,18892,1553,8.22,0.002,-22.505000000000003
D,30.725,Q891723,public company,12377,6386,51.596,0.008,20.870999999999995
D,30.725,Q55659167,natural watercourse,21149,3466,16.388,0.004,-14.337
D,30.725,Q125191,photograph,59355,41661,70.19,0.051,39.464999999999996
D,30.725,Q8054,protein,809969,302601,37.36,0.374,6.634999999999998
D,30.725,Q23413,castle,20872,9778,46.847,0.012,16.122
D,30.725,Q2467461,academic department,15682,4599,29.327,0.006,-1.3979999999999997
D,30.725,Q55850593,music track with vocals,11456,9247,80.718,0.011,49.993
D,30.725,Q34442,road,62799,26488,42.179,0.033,11.454
D,30.725,Q4830453,business,187007,97428,52.099,0.12,21.373999999999995
D,30.725,Q898273,protein domain,11707,10341,88.332,0.013,57.60699999999999
D,30.725,Q5398426,television series,59171,22581,38.162,0.028,7.436999999999998
D,30.725,Q15632617,fictional human,27985,17082,61.04,0.021,30.314999999999998
D,30.725,Q33506,museum,41302,26710,64.67,0.033,33.945
D,30.725,Q10429085,report,10349,10345,99.961,0.013,69.23599999999999
D,30.725,Q96739634,individual motion,61160,61142,99.971,0.076,69.24600000000001
D,30.725,Q61089180,part of municipality in the Czech Republic,11475,2669,23.259,0.003,-7.466000000000001
D,30.725,Q3257686,locality,39376,24250,61.586,0.03,30.860999999999997
D,30.725,Q131681,reservoir,12209,6953,56.95,0.009,26.225
D,30.725,Q29654788,Unicode character,151161,21520,14.236,0.027,-16.489
D,30.725,Q486972,human settlement,549231,302327,55.046,0.374,24.320999999999998
D,30.725,Q93184,drawing,91219,68243,74.812,0.084,44.086999999999996
D,30.725,Q67015940,Government Boys' Primary School,72,6,8.333,0.0,-22.392000000000003
D,30.725,Q22698,park,33393,27618,82.706,0.034,51.981
D,30.725,Q838948,work of art,23498,19928,84.807,0.025,54.082
D,30.725,Q2668072,collection,434349,433904,99.898,0.536,69.173
D,30.725,Q134556,single,92641,18857,20.355,0.023,-10.370000000000001
D,30.725,Q2514025,posyolok,16063,9855,61.352,0.012,30.626999999999995
D,30.725,Q207326,summit,17212,5040,29.282,0.006,-1.4430000000000014
D,30.725,Q16466010,association football match,629,439,69.793,0.001,39.068000000000005
D,30.725,Q46190676,tennis event,25831,16639,64.415,0.021,33.690000000000005
D,30.725,Q4504495,award ceremony,12579,7951,63.209,0.01,32.484
D,30.725,Q358,heritage site,13120,11970,91.235,0.015,60.51
D,30.725,Q11173,chemical compound,1244185,1218961,97.973,1.507,67.24799999999999
D,30.725,Q17018380,bight,15395,13299,86.385,0.016,55.660000000000004
D,30.725,Q56436498,village in India,145776,88844,60.946,0.11,30.220999999999997
D,30.725,Q18127,record label,10205,5133,50.299,0.006,19.573999999999998
D,30.725,Q49008,prime number,127515,126247,99.006,0.156,68.281
D,30.725,Q7075,library,23192,15126,65.221,0.019,34.496
D,30.725,Q55488,railway station,100631,42508,42.241,0.053,11.515999999999998
D,30.725,Q2225692,fourth-level administrative division in Indonesia,82911,4784,5.77,0.006,-24.955000000000002
D,30.725,Q1516079,cultural heritage ensemble,37485,30965,82.606,0.038,51.88099999999999
D,30.725,Q124714,spring,48741,41383,84.904,0.051,54.178999999999995
D,30.725,Q41176,building,280240,197815,70.588,0.245,39.86299999999999
D,30.725,Q3464665,television series season,19063,9807,51.445,0.012,20.72
D,30.725,Q19855165,rural school,68025,549,0.807,0.001,-29.918000000000003
D,30.725,Q1497375,architectural ensemble,6764,3739,55.278,0.005,24.552999999999997
D,30.725,Q55659107,intermittent natural watercourse,16386,10104,61.662,0.012,30.936999999999998
D,30.725,Q2085381,publisher,13628,6869,50.404,0.008,19.679000000000002
D,30.725,Q24862,short film,29764,9911,33.299,0.012,2.573999999999998
D,30.725,Q3231690,automobile model,10485,3690,35.193,0.005,4.467999999999996
D,30.725,Q5,human,9166320,4247974,46.343,5.251,15.618000000000002
D,30.725,Q210272,cultural heritage,18584,7947,42.763,0.01,12.037999999999997
D,30.725,Q65954115,State Bank of India branch,22464,17969,79.99,0.022,49.26499999999999
D,30.725,Q13433827,encyclopedia article,440437,377650,85.744,0.467,55.019
D,30.725,Q16510064,sporting event,27852,19861,71.309,0.025,40.583999999999996
D,30.725,Q67035425,ASTM standard,17296,16418,94.924,0.02,64.19900000000001
D,30.725,Q1081138,historic site,8575,2754,32.117,0.003,1.391999999999996
D,30.725,Q473972,protected area,83445,4866,5.831,0.006,-24.894000000000002
D,30.725,Q220659,archaeological artifact,19994,17841,89.232,0.022,58.507
D,30.725,Q740445,ridge,12614,2881,22.84,0.004,-7.885000000000002
D,30.725,Q482994,album,270197,67287,24.903,0.083,-5.822000000000003
D,30.725,Q5633421,scientific journal,96925,53026,54.708,0.066,23.982999999999997
D,30.725,Q15647814,Wikimedia administration category,11998,5771,48.1,0.007,17.375
D,30.725,Q427087,non-coding RNA,77284,35370,45.766,0.044,15.040999999999997
D,30.725,Q532,village,262129,96616,36.858,0.119,6.132999999999996
D,30.725,Q105543609,musical work/composition,95634,47464,49.631,0.059,18.906
D,30.725,Q106474968,ethnic group by settlement in Macedonia,14280,14280,100.0,0.018,69.275
D,30.725,Q4167410,Wikimedia disambiguation page,1378294,120132,8.716,0.148,-22.009
D,30.725,Q40080,beach,15340,8797,57.347,0.011,26.622
D,30.725,Q3947,house,201399,162786,80.828,0.201,50.103
D,30.725,Q728937,railway line,14220,8123,57.124,0.01,26.399
D,30.725,Q46135307,nation at sport competition,11753,9085,77.299,0.011,46.574000000000005
D,30.725,Q155076,juridical person,23506,23461,99.809,0.029,69.084
D,30.725,Q26895936,American football team season,22587,21659,95.891,0.027,65.166
D,30.725,Q4414033,rural council of Ukraine,10093,5386,53.364,0.007,22.638999999999996
D,30.725,Q5707594,news article,6622,5960,90.003,0.007,59.278
D,30.725,Q17633526,Wikinews article,286936,232001,80.855,0.287,50.13
D,30.725,Q4421,forest,21637,11254,52.013,0.014,21.287999999999997
D,30.725,Q1539532,sports season of a sports club,18808,16291,86.617,0.02,55.892
D,30.725,Q50386450,operatic character,1205,90,7.469,0.0,-23.256
D,30.725,Q44613,monastery,13112,6987,53.287,0.009,22.561999999999998
D,30.725,Q62447,aerodrome,18341,6318,34.447,0.008,3.7220000000000013
D,30.725,Q16917,hospital,27686,19529,70.537,0.024,39.812000000000005
D,30.725,Q21199,natural number,10387,215,2.07,0.0,-28.655
D,30.725,Q28564,public library,35485,28601,80.6,0.035,49.87499999999999
D,30.725,Q355304,watercourse,165683,87366,52.731,0.108,22.006
D,30.725,Q3305213,painting,541603,396399,73.19,0.49,42.464999999999996
D,30.725,Q39614,cemetery,82525,68579,83.101,0.085,52.376
D,30.725,Q820655,legislation,27015,10785,39.922,0.013,9.196999999999996
D,30.725,Q19692072,United States Supreme Court decision,5400,4831,89.463,0.006,58.73799999999999
D,30.725,Q842402,Hindu temple,14918,14441,96.803,0.018,66.078
D,30.725,Q735428,town in China,20213,7689,38.04,0.01,7.314999999999998
D,30.725,Q928830,metro station,15076,3644,24.171,0.005,-6.554000000000002
D,30.725,Q294414,public office,13525,11797,87.224,0.015,56.499
D,30.725,Q12323,dam,49445,42252,85.453,0.052,54.728
D,30.725,Q16560,palace,11852,4867,41.065,0.006,10.339999999999996
D,30.725,Q820477,mine,9474,7754,81.845,0.01,51.12
D,30.725,Q1348305,erratum,78921,22899,29.015,0.028,-1.7100000000000009
D,30.725,Q16521,taxon,3338177,570503,17.09,0.705,-13.635000000000002
D,30.725,Q21191270,television series episode,65505,40424,61.711,0.05,30.985999999999997
D,30.725,Q21198342,manga series,13376,6525,48.781,0.008,18.055999999999997
D,30.725,Q783794,company,11150,6642,59.57,0.008,28.845
D,30.725,Q9842,primary school,131391,24516,18.659,0.03,-12.066000000000003
D,30.725,Q108325,chapel,55698,33286,59.762,0.041,29.037
D,30.725,Q1302249,cross-reference,16469,1688,10.25,0.002,-20.475
D,30.725,Q811979,architectural structure,108595,94255,86.795,0.117,56.07
D,30.725,Q10870555,report,20422,11585,56.728,0.014,26.003
D,30.725,Q1260524,time of the day,87882,87869,99.985,0.109,69.25999999999999
D,30.725,Q11032,newspaper,39789,10820,27.193,0.013,-3.532
D,30.725,Q17524420,aspect of history,12078,7458,61.749,0.009,31.024
D,30.725,Q11424,film,260188,105796,40.661,0.131,9.936
D,30.725,Q54050,hill,312047,161708,51.822,0.2,21.097
D,30.725,Q187223,lagoon,4517,2180,48.262,0.003,17.537
D,30.725,Q174782,square,14918,7840,52.554,0.01,21.829
D,30.725,Q18340514,events in a specific year or time period,45039,26624,59.113,0.033,28.387999999999998
D,30.725,Q3558970,village of Poland,56075,2244,4.002,0.003,-26.723000000000003
D,30.725,Q3918,university,13631,6287,46.123,0.008,15.397999999999996
D,30.725,Q18593264,item of collection or exhibition,129884,128706,99.093,0.159,68.368
D,30.725,Q13442814,scholarly article,33923067,3816100,11.249,4.717,-19.476
D,30.725,Q13417114,noble family,9936,5771,58.082,0.007,27.357
D,30.725,Q23442,island,149272,101298,67.861,0.125,37.136
D,30.725,Q123705,neighborhood,26522,14200,53.54,0.018,22.814999999999998
D,30.725,Q953806,bus stop,11596,11162,96.257,0.014,65.53200000000001
D,30.725,Q7321974,cairn,1133,940,82.966,0.001,52.24099999999999
D,30.725,Q43229,organization,77889,54764,70.31,0.068,39.585
D,30.725,Q815382,meta-analysis,109693,1330,1.212,0.002,-29.513
D,30.725,Q212198,pub,15013,4137,27.556,0.005,-3.1690000000000005
D,30.725,Q2334719,legal case,7063,3793,53.702,0.005,22.976999999999997
D,30.725,Q482,poetry,16332,3083,18.877,0.004,-11.848000000000003
D,30.725,Q814254,feature,10768,65,0.604,0.0,-30.121000000000002
D,30.725,Q24354,theatre,11816,6331,53.58,0.008,22.854999999999997
D,30.725,Q452237,motion,76728,76702,99.966,0.095,69.24099999999999
D,30.725,Q20541692,"settlement in Galicia, Spain",9477,8617,90.925,0.011,60.199999999999996
D,30.725,Q19860854,destroyed building or structure,21657,20219,93.36,0.025,62.635
D,30.725,Q207524,islet,16884,6755,40.008,0.008,9.283000000000001
D,30.725,Q5358913,elementary school in Japan,18411,17669,95.97,0.022,65.245
D,30.725,Q2341654,stone setting,58482,58424,99.901,0.072,69.17599999999999
D,30.725,Q42195,petroglyph,537,432,80.447,0.001,49.722
D,30.725,Q46686,reredos,4292,4022,93.709,0.005,62.984
D,30.725,Q420927,protein complex,13158,13145,99.901,0.016,69.17599999999999
D,30.725,Q65661087,village in Belarus,16612,3194,19.227,0.004,-11.498000000000001
D,30.725,Q30612,clinical trial,356734,354786,99.454,0.439,68.72899999999998
D,30.725,Q41253,movie theater,52998,48817,92.111,0.06,61.386
D,30.725,Q476028,association football club,36247,17028,46.978,0.021,16.253
D,30.725,Q5084,hamlet,94142,57514,61.093,0.071,30.368000000000002
D,30.725,Q34770,language,9458,1571,16.61,0.002,-14.115000000000002
D,30.725,Q751876,château,24913,8717,34.99,0.011,4.265000000000001
D,30.725,Q847017,sports club,21891,15033,68.672,0.019,37.946999999999996
D,30.725,Q35509,cave,14579,11473,78.695,0.014,47.96999999999999
D,30.725,Q1195098,ward,26058,3380,12.971,0.004,-17.754
D,30.725,Q187685,doctoral thesis,21906,21132,96.467,0.026,65.74199999999999
D,30.725,Q47521,stream,52963,29482,55.665,0.036,24.939999999999998
D,30.725,Q11266439,Wikimedia template,850274,48347,5.686,0.06,-25.039
D,30.725,Q24046192,Wikimedia category of stubs,9481,8777,92.575,0.011,61.85
D,30.725,Q2116450,manor estate,19216,2741,14.264,0.003,-16.461000000000002
D,30.725,Q19389637,biographical article,161931,105556,65.186,0.13,34.461000000000006
D,30.725,Q2042028,ravine,8868,7462,84.145,0.009,53.419999999999995
D,30.725,Q39816,valley,66889,33660,50.322,0.042,19.597
D,30.725,Q4989906,monument,26626,16959,63.693,0.021,32.967999999999996
D,30.725,Q1681353,bog,27417,1094,3.99,0.001,-26.735
D,30.725,Q12317349,main library,13495,12904,95.621,0.016,64.89599999999999
D,30.725,Q23925393,Douar,32009,31739,99.156,0.039,68.43100000000001
D,30.725,Q16970,church building,210578,104927,49.828,0.13,19.103
D,30.725,Q17343829,unincorporated community in the United States,38906,11666,29.985,0.014,-0.740000000000002
D,30.725,Q13100073,village-level division in China,85627,36999,43.21,0.046,12.485
D,30.725,Q11755880,residential building,11842,7246,61.189,0.009,30.464
D,30.725,Q5185279,poem,104565,86244,82.479,0.107,51.754
D,30.725,Q1577547,revenue house,18544,16795,90.568,0.021,59.842999999999996
D,30.725,Q26703203,stumbling stone,16346,12055,73.749,0.015,43.023999999999994
D,30.725,Q737498,academic journal,22133,3214,14.521,0.004,-16.204
D,30.725,Q1580166,dictionary entry,70349,2591,3.683,0.003,-27.042
D,30.725,Q13406554,sports competition,13552,9939,73.34,0.012,42.615
D,30.725,Q1303167,barn,19902,15855,79.665,0.02,48.940000000000005
D,30.725,Q235557,file format,12064,11638,96.469,0.014,65.744
D,30.725,Q23894233,Wikimedia templates category,14687,13153,89.555,0.016,58.830000000000005
D,30.725,Q634099,rural settlement of Russia,18760,14993,79.92,0.019,49.195
D,30.725,Q15221623,bilateral relation,15289,7967,52.109,0.01,21.384
D,30.725,Q12280,bridge,24711,9928,40.176,0.012,9.451
D,30.725,Q1504425,systematic review,12020,8,0.067,0.0,-30.658
D,30.725,Q6451276,Congressional Research Service report,13777,13777,100.0,0.017,69.275
D,30.725,Q97695005,committee group motion,11632,11606,99.776,0.014,69.05099999999999
D,30.725,Q14350,radio station,25872,9638,37.253,0.012,6.527999999999999
D,30.725,Q57733494,badminton event,61030,58714,96.205,0.073,65.47999999999999
D,30.725,Q2231510,col,10983,3927,35.755,0.005,5.030000000000001
D,30.725,Q102496,parish,12015,9988,83.129,0.012,52.404
D,30.725,Q179049,nature reserve,9890,2920,29.525,0.004,-1.2000000000000028
D,30.725,Q8502,mountain,500851,175874,35.115,0.217,4.390000000000001
D,30.725,Q6503489,Law of the Republic of China,13227,102,0.771,0.0,-29.954
D,30.725,Q2309609,wayside cross,19855,17958,90.446,0.022,59.721
D,30.725,Q2996394,biological process,41836,41176,98.422,0.051,67.697
D,30.725,Q34763,peninsula,25492,18509,72.607,0.023,41.882
D,30.725,Q21573182,Naturdenkmal in Germany,5247,4580,87.288,0.006,56.562999999999995
D,30.725,Q59541917,Wikimedia topic category,13493,2094,15.519,0.003,-15.206000000000001
D,30.725,Q67383935,co-educational school,73750,1910,2.59,0.002,-28.135
D,30.725,Q106006703,local regulations of the People's Republic of China,15569,15560,99.942,0.019,69.21699999999998
D,30.725,Q61443650,sub post office,24761,1287,5.198,0.002,-25.527
D,30.725,Q1238720,volume,11992,1001,8.347,0.001,-22.378
D,30.725,Q56428020,Wikimedia lists category,12933,10623,82.139,0.013,51.413999999999994
D,30.725,Q67015883,group or class of enzymes,10904,8824,80.924,0.011,50.199000000000005
D,30.725,Q14659,coat of arms,9307,6612,71.043,0.008,40.318000000000005
D,30.725,Q11879590,female given name,23557,10003,42.463,0.012,11.738
D,30.725,Q179700,statue,44073,40701,92.349,0.05,61.624
D,30.725,Q575759,war memorial,16311,13796,84.581,0.017,53.856
D,30.725,Q726,horse,13374,9521,71.19,0.012,40.464999999999996
D,30.725,Q159334,secondary school,16906,6856,40.554,0.008,9.829
D,30.725,Q41298,magazine,25771,12325,47.825,0.015,17.1
D,30.725,Q61443690,branch post office,129178,2837,2.196,0.004,-28.529
D,30.725,Q202444,given name,20220,12560,62.117,0.016,31.391999999999996
D,30.725,Q3508250,Syndicat intercommunal,14332,121,0.844,0.0,-29.881
D,30.725,Q7777570,theatrical production,2289,1284,56.094,0.002,25.369
D,30.725,Q3957,town,14268,2095,14.683,0.003,-16.042
D,30.725,Q47150325,calendar day of a given year,189357,182860,96.569,0.226,65.844
D,30.725,Q169930,extended play,12442,7939,63.808,0.01,33.083
D,30.725,Q18918145,academic journal article,22266,12215,54.859,0.015,24.134
D,30.725,Q459297,qanat,13596,48,0.353,0.0,-30.372
D,30.725,Q99045339,written question,34276,34269,99.98,0.042,69.255
D,30.725,Q2732840,Gram panchayat,4028,3021,75.0,0.004,44.275
D,30.725,Q50231,administrative territorial entity of the People's Republic of China,516,320,62.016,0.0,31.290999999999997
D,30.725,Q7604686,UK Statutory Instrument,88746,83307,93.871,0.103,63.145999999999994
D,30.725,Q160091,plain,10329,6327,61.255,0.008,30.53
D,30.725,Q7604693,Statutory Rules of Northern Ireland,17121,17121,100.0,0.021,69.275
D,30.725,Q100532807,Irish Statutory Instrument,33420,33420,100.0,0.041,69.275
E,11.533,Q166735,swamp,7690,747,9.714,0.001,-1.818999999999999
E,11.533,Q618779,award,17375,6388,36.765,0.008,25.232
E,11.533,Q14204246,Wikimedia project page,31298,28873,92.252,0.036,80.719
E,11.533,Q965568,kelurahan,8815,170,1.929,0.0,-9.604
E,11.533,Q4164871,position,117200,4802,4.097,0.006,-7.435999999999999
E,11.533,Q12308941,male given name,37643,1033,2.744,0.001,-8.789
E,11.533,Q189004,college,25793,2790,10.817,0.003,-0.7159999999999993
E,11.533,Q15243209,historic district,10531,1343,12.753,0.002,1.2200000000000006
E,11.533,Q34023,tumulus,9551,665,6.963,0.001,-4.569999999999999
E,11.533,Q12284,canal,37993,4956,13.045,0.006,1.5120000000000005
E,11.533,Q585956,masia,43017,50,0.116,0.0,-11.417
E,11.533,Q22808320,Wikimedia human name disambiguation page,70686,63903,90.404,0.079,78.871
E,11.533,Q11753321,Wikimedia navigational template,45111,37484,83.093,0.046,71.56
E,11.533,Q327333,government agency,12233,2082,17.02,0.003,5.487
E,11.533,Q26887310,association football team season,34937,1534,4.391,0.002,-7.1419999999999995
E,11.533,Q860861,sculpture,47311,1311,2.771,0.002,-8.762
E,11.533,Q185113,cape,14981,3852,25.713,0.005,14.180000000000001
E,11.533,Q7889,video game,45126,1205,2.67,0.001,-8.863
E,11.533,Q192287,subdivisions of Russia,15923,339,2.129,0.0,-9.404
E,11.533,Q121117,supercomputer,18212,17301,94.998,0.021,83.465
E,11.533,Q31855,research institute,10940,268,2.45,0.0,-9.082999999999998
E,11.533,Q3052382,fonds,12159,18,0.148,0.0,-11.385
E,11.533,Q18761202,watercolor painting,9365,957,10.219,0.001,-1.314
E,11.533,Q1002697,periodical,51707,3148,6.088,0.004,-5.444999999999999
E,11.533,Q24529780,point,25294,3792,14.992,0.005,3.4590000000000014
E,11.533,Q104093746,lake or pond,31274,1,0.003,0.0,-11.53
E,11.533,Q27020041,sports season,151681,23607,15.564,0.029,4.031000000000001
E,11.533,Q133056,mountain pass,15049,1154,7.668,0.001,-3.8649999999999993
E,11.533,Q7397,software,9598,2085,21.723,0.003,10.19
E,11.533,Q6999,astronomical object,8404907,227741,2.71,0.282,-8.823
E,11.533,Q3914,school,35772,3941,11.017,0.005,-0.516
E,11.533,Q417841,protein family,24204,1176,4.859,0.001,-6.6739999999999995
E,11.533,Q22969563,bodendenkmal,50178,220,0.438,0.0,-11.094999999999999
E,11.533,Q26894053,basketball team season,12010,500,4.163,0.001,-7.369999999999999
E,11.533,Q489357,farmhouse,40168,131,0.326,0.0,-11.206999999999999
E,11.533,Q732577,publication,33217,56,0.169,0.0,-11.363999999999999
E,11.533,Q27686,hotel,12627,1469,11.634,0.002,0.10100000000000087
E,11.533,Q21672098,village of Ukraine,26519,9,0.034,0.0,-11.498999999999999
E,11.533,Q15184295,Wikimedia module,49412,49080,99.328,0.061,87.795
E,11.533,Q15303838,municipality seat,15385,2890,18.785,0.004,7.252000000000001
E,11.533,Q178561,battle,13917,3079,22.124,0.004,10.591
E,11.533,Q23397,lake,261264,5941,2.274,0.007,-9.259
E,11.533,Q66826848,"protein obsoleted in UniProtKB, SwissProt, TrEMBL",19800,7,0.035,0.0,-11.498
E,11.533,Q7278,political party,18728,1092,5.831,0.001,-5.701999999999999
E,11.533,Q34038,waterfall,10448,3695,35.366,0.005,23.833
E,11.533,Q14860489,molecular function,10897,1,0.009,0.0,-11.524
E,11.533,Q16887380,group,20836,168,0.806,0.0,-10.727
E,11.533,Q2065736,cultural property,53599,16313,30.435,0.02,18.902
E,11.533,Q15773317,television character,9351,342,3.657,0.0,-7.8759999999999994
E,11.533,Q506240,television film,17746,179,1.009,0.0,-10.524
E,11.533,Q61278455,health sub-centre,84,8,9.524,0.0,-2.0090000000000003
E,11.533,Q29023906,temporary exhibition,6210,29,0.467,0.0,-11.065999999999999
E,11.533,Q2593777,grave field,10895,672,6.168,0.001,-5.364999999999999
E,11.533,Q484170,commune of France,45578,9,0.02,0.0,-11.513
E,11.533,Q277338,pseudogene,57715,55,0.095,0.0,-11.437999999999999
E,11.533,Q4167836,Wikimedia category,3462975,1546826,44.668,1.912,33.135
E,11.533,Q35127,website,12020,2136,17.77,0.003,6.237
E,11.533,Q26267864,Wikimedia KML file,2564,2561,99.883,0.003,88.35
E,11.533,Q23038290,fossil taxon,104759,76,0.073,0.0,-11.459999999999999
E,11.533,Q126807,kindergarten,34209,1061,3.102,0.001,-8.431
E,11.533,Q149566,middle school,10032,890,8.872,0.001,-2.6609999999999996
E,11.533,Q26211545,desa,18751,83,0.443,0.0,-11.09
E,11.533,Q852190,shipwreck,24502,58,0.237,0.0,-11.296
E,11.533,Q59542487,Wikimedia set category,34212,50,0.146,0.0,-11.386999999999999
E,11.533,Q163740,nonprofit organization,19688,1612,8.188,0.002,-3.344999999999999
E,11.533,Q59199015,group of stereoisomers,123772,751,0.607,0.001,-10.926
E,11.533,Q81505329,protein family associated with domain,12460,1,0.008,0.0,-11.525
E,11.533,Q25379,play,1631,289,17.719,0.0,6.186000000000002
E,11.533,Q47345468,tennis tournament edition,14022,596,4.25,0.001,-7.2829999999999995
E,11.533,Q30198,marsh,22146,2737,12.359,0.003,0.8260000000000005
E,11.533,Q47461344,written work,79025,4721,5.974,0.006,-5.558999999999999
E,11.533,Q15416,television program,44755,10090,22.545,0.012,11.012000000000002
E,11.533,Q176799,military unit,20296,4087,20.137,0.005,8.604000000000001
E,11.533,Q3950,villa,16232,1438,8.859,0.002,-2.6739999999999995
E,11.533,Q6881511,enterprise,48095,4192,8.716,0.005,-2.817
E,11.533,Q11446,ship,78164,4662,5.964,0.006,-5.568999999999999
E,11.533,Q56731284,Act of the Parliament of Australia,529,1,0.189,0.0,-11.344
E,11.533,Q40231,election,18159,8230,45.322,0.01,33.789
E,11.533,Q8436,family,11480,3449,30.044,0.004,18.511000000000003
E,11.533,Q7187,gene,705735,1247,0.177,0.002,-11.356
E,11.533,Q215380,musical group,82485,5997,7.27,0.007,-4.263
E,11.533,Q2151232,townland,60769,156,0.257,0.0,-11.276
E,11.533,Q1134686,frazione,18970,1,0.005,0.0,-11.527999999999999
E,11.533,Q13406463,Wikimedia list article,335710,92132,27.444,0.114,15.911
E,11.533,Q1248784,airport,24402,75,0.307,0.0,-11.225999999999999
E,11.533,Q1266946,thesis,2642,1516,57.381,0.002,45.848
E,11.533,Q7725634,literary work,182386,34368,18.844,0.042,7.311000000000002
E,11.533,Q9826,high school,30633,946,3.088,0.001,-8.445
E,11.533,Q39594,bay,32200,3510,10.901,0.004,-0.6319999999999997
E,11.533,Q187971,wadi,27546,19735,71.644,0.024,60.111000000000004
E,11.533,Q5783996,cottage,37588,18,0.048,0.0,-11.485
E,11.533,Q11060274,print,132353,1139,0.861,0.001,-10.671999999999999
E,11.533,Q46831,mountain range,22269,860,3.862,0.001,-7.670999999999999
E,11.533,Q18663566,dissolved municipality of Japan,15238,18,0.118,0.0,-11.415
E,11.533,Q571,book,26597,2813,10.576,0.003,-0.956999999999999
E,11.533,Q4022,river,361967,13005,3.593,0.016,-7.9399999999999995
E,11.533,Q839954,archaeological site,51391,3459,6.731,0.004,-4.802
E,11.533,Q51591359,voting result,10510,1,0.01,0.0,-11.523
E,11.533,Q79007,street,587014,5315,0.905,0.007,-10.628
E,11.533,Q985488,residential community of the People's Republic of China,3591,826,23.002,0.001,11.469
E,11.533,Q773668,open-access journal,12089,6,0.05,0.0,-11.482999999999999
E,11.533,Q253019,Ortsteil,40784,148,0.363,0.0,-11.17
E,11.533,Q101352,family name,454661,15244,3.353,0.019,-8.18
E,11.533,Q3331189,"version, edition, or translation",154805,36741,23.734,0.045,12.201000000000002
E,11.533,Q191067,article,57458,2203,3.834,0.003,-7.699
E,11.533,Q1529096,village in Turkey,18892,25,0.132,0.0,-11.401
E,11.533,Q891723,public company,12377,1121,9.057,0.001,-2.475999999999999
E,11.533,Q55659167,natural watercourse,21149,363,1.716,0.0,-9.817
E,11.533,Q125191,photograph,59355,821,1.383,0.001,-10.149999999999999
E,11.533,Q8054,protein,809969,19878,2.454,0.025,-9.078999999999999
E,11.533,Q23413,castle,20872,1849,8.859,0.002,-2.6739999999999995
E,11.533,Q2467461,academic department,15682,32,0.204,0.0,-11.328999999999999
E,11.533,Q34442,road,62799,3387,5.393,0.004,-6.14
E,11.533,Q4830453,business,187007,34299,18.341,0.042,6.808000000000002
E,11.533,Q898273,protein domain,11707,996,8.508,0.001,-3.0250000000000004
E,11.533,Q5398426,television series,59171,3178,5.371,0.004,-6.161999999999999
E,11.533,Q15632617,fictional human,27985,1282,4.581,0.002,-6.951999999999999
E,11.533,Q33506,museum,41302,938,2.271,0.001,-9.262
E,11.533,Q3257686,locality,39376,2508,6.369,0.003,-5.164
E,11.533,Q131681,reservoir,12209,2746,22.492,0.003,10.959000000000001
E,11.533,Q29654788,Unicode character,151161,1,0.001,0.0,-11.532
E,11.533,Q486972,human settlement,549231,55697,10.141,0.069,-1.3919999999999995
E,11.533,Q93184,drawing,91219,10545,11.56,0.013,0.027000000000001023
E,11.533,Q67015940,Government Boys' Primary School,72,64,88.889,0.0,77.356
E,11.533,Q22698,park,33393,1984,5.941,0.002,-5.592
E,11.533,Q838948,work of art,23498,179,0.762,0.0,-10.770999999999999
E,11.533,Q2668072,collection,434349,103,0.024,0.0,-11.509
E,11.533,Q134556,single,92641,6414,6.924,0.008,-4.608999999999999
E,11.533,Q2514025,posyolok,16063,824,5.13,0.001,-6.403
E,11.533,Q207326,summit,17212,8109,47.112,0.01,35.579
E,11.533,Q16466010,association football match,629,95,15.103,0.0,3.5700000000000003
E,11.533,Q46190676,tennis event,25831,4946,19.148,0.006,7.615
E,11.533,Q4504495,award ceremony,12579,3878,30.829,0.005,19.296
E,11.533,Q358,heritage site,13120,380,2.896,0.0,-8.637
E,11.533,Q11173,chemical compound,1244185,2263,0.182,0.003,-11.350999999999999
E,11.533,Q17018380,bight,15395,1220,7.925,0.002,-3.6079999999999997
E,11.533,Q56436498,village in India,145776,668,0.458,0.001,-11.075
E,11.533,Q18127,record label,10205,1644,16.11,0.002,4.577
E,11.533,Q49008,prime number,127515,1,0.001,0.0,-11.532
E,11.533,Q7075,library,23192,554,2.389,0.001,-9.144
E,11.533,Q55488,railway station,100631,919,0.913,0.001,-10.62
E,11.533,Q2225692,fourth-level administrative division in Indonesia,82911,114,0.137,0.0,-11.395999999999999
E,11.533,Q1516079,cultural heritage ensemble,37485,1835,4.895,0.002,-6.638
E,11.533,Q124714,spring,48741,1511,3.1,0.002,-8.433
E,11.533,Q41176,building,280240,15394,5.493,0.019,-6.039999999999999
E,11.533,Q3464665,television series season,19063,502,2.633,0.001,-8.899999999999999
E,11.533,Q19855165,rural school,68025,67463,99.174,0.083,87.641
E,11.533,Q1497375,architectural ensemble,6764,901,13.321,0.001,1.7880000000000003
E,11.533,Q55659107,intermittent natural watercourse,16386,5916,36.104,0.007,24.570999999999998
E,11.533,Q2085381,publisher,13628,1306,9.583,0.002,-1.9499999999999993
E,11.533,Q24862,short film,29764,1631,5.48,0.002,-6.052999999999999
E,11.533,Q3231690,automobile model,10485,951,9.07,0.001,-2.462999999999999
E,11.533,Q5,human,9166320,626990,6.84,0.775,-4.693
E,11.533,Q210272,cultural heritage,18584,5102,27.454,0.006,15.921000000000001
E,11.533,Q65954115,State Bank of India branch,22464,3081,13.715,0.004,2.1820000000000004
E,11.533,Q13433827,encyclopedia article,440437,15826,3.593,0.02,-7.9399999999999995
E,11.533,Q16510064,sporting event,27852,6084,21.844,0.008,10.311000000000002
E,11.533,Q67035425,ASTM standard,17296,878,5.076,0.001,-6.457
E,11.533,Q1081138,historic site,8575,2550,29.738,0.003,18.205
E,11.533,Q473972,protected area,83445,2225,2.666,0.003,-8.866999999999999
E,11.533,Q220659,archaeological artifact,19994,329,1.645,0.0,-9.888
E,11.533,Q740445,ridge,12614,9188,72.84,0.011,61.307
E,11.533,Q482994,album,270197,9828,3.637,0.012,-7.895999999999999
E,11.533,Q5633421,scientific journal,96925,361,0.372,0.0,-11.161
E,11.533,Q15647814,Wikimedia administration category,11998,5528,46.074,0.007,34.541
E,11.533,Q427087,non-coding RNA,77284,49,0.063,0.0,-11.469999999999999
E,11.533,Q532,village,262129,14200,5.417,0.018,-6.116
E,11.533,Q105543609,musical work/composition,95634,3004,3.141,0.004,-8.392
E,11.533,Q4167410,Wikimedia disambiguation page,1378294,1070194,77.646,1.323,66.113
E,11.533,Q40080,beach,15340,4763,31.05,0.006,19.517000000000003
E,11.533,Q3947,house,201399,14221,7.061,0.018,-4.4719999999999995
E,11.533,Q728937,railway line,14220,387,2.722,0.0,-8.811
E,11.533,Q46135307,nation at sport competition,11753,2399,20.412,0.003,8.879
E,11.533,Q155076,juridical person,23506,16,0.068,0.0,-11.465
E,11.533,Q26895936,American football team season,22587,896,3.967,0.001,-7.565999999999999
E,11.533,Q4414033,rural council of Ukraine,10093,225,2.229,0.0,-9.303999999999998
E,11.533,Q5707594,news article,6622,532,8.034,0.001,-3.4989999999999988
E,11.533,Q17633526,Wikinews article,286936,50450,17.582,0.062,6.049000000000001
E,11.533,Q4421,forest,21637,8648,39.969,0.011,28.436
E,11.533,Q1539532,sports season of a sports club,18808,2434,12.941,0.003,1.4080000000000013
E,11.533,Q44613,monastery,13112,2117,16.146,0.003,4.613000000000001
E,11.533,Q62447,aerodrome,18341,2142,11.679,0.003,0.1460000000000008
E,11.533,Q16917,hospital,27686,759,2.741,0.001,-8.792
E,11.533,Q21199,natural number,10387,1,0.01,0.0,-11.523
E,11.533,Q28564,public library,35485,139,0.392,0.0,-11.141
E,11.533,Q355304,watercourse,165683,530,0.32,0.001,-11.213
E,11.533,Q3305213,painting,541603,8071,1.49,0.01,-10.043
E,11.533,Q39614,cemetery,82525,3620,4.387,0.004,-7.146
E,11.533,Q820655,legislation,27015,665,2.462,0.001,-9.071
E,11.533,Q19692072,United States Supreme Court decision,5400,67,1.241,0.0,-10.292
E,11.533,Q842402,Hindu temple,14918,49,0.328,0.0,-11.205
E,11.533,Q735428,town in China,20213,9160,45.317,0.011,33.784
E,11.533,Q928830,metro station,15076,45,0.298,0.0,-11.235
E,11.533,Q294414,public office,13525,947,7.002,0.001,-4.531
E,11.533,Q12323,dam,49445,409,0.827,0.001,-10.706
E,11.533,Q16560,palace,11852,3557,30.012,0.004,18.479
E,11.533,Q820477,mine,9474,278,2.934,0.0,-8.599
E,11.533,Q1348305,erratum,78921,107,0.136,0.0,-11.397
E,11.533,Q16521,taxon,3338177,4432,0.133,0.005,-11.399999999999999
E,11.533,Q21191270,television series episode,65505,405,0.618,0.001,-10.915
E,11.533,Q21198342,manga series,13376,4421,33.052,0.005,21.519
E,11.533,Q783794,company,11150,3326,29.83,0.004,18.296999999999997
E,11.533,Q9842,primary school,131391,64247,48.898,0.079,37.365
E,11.533,Q108325,chapel,55698,2350,4.219,0.003,-7.313999999999999
E,11.533,Q1302249,cross-reference,16469,72,0.437,0.0,-11.096
E,11.533,Q811979,architectural structure,108595,3645,3.357,0.005,-8.175999999999998
E,11.533,Q10870555,report,20422,339,1.66,0.0,-9.873
E,11.533,Q1260524,time of the day,87882,1,0.001,0.0,-11.532
E,11.533,Q11032,newspaper,39789,5194,13.054,0.006,1.5210000000000008
E,11.533,Q17524420,aspect of history,12078,3580,29.641,0.004,18.107999999999997
E,11.533,Q11424,film,260188,12646,4.86,0.016,-6.672999999999999
E,11.533,Q54050,hill,312047,20293,6.503,0.025,-5.029999999999999
E,11.533,Q187223,lagoon,4517,1847,40.89,0.002,29.357
E,11.533,Q174782,square,14918,626,4.196,0.001,-7.337
E,11.533,Q18340514,events in a specific year or time period,45039,7806,17.332,0.01,5.799000000000001
E,11.533,Q3558970,village of Poland,56075,4,0.007,0.0,-11.526
E,11.533,Q3918,university,13631,777,5.7,0.001,-5.832999999999999
E,11.533,Q18593264,item of collection or exhibition,129884,41,0.032,0.0,-11.501
E,11.533,Q13442814,scholarly article,33923067,398161,1.174,0.492,-10.359
E,11.533,Q13417114,noble family,9936,2070,20.833,0.003,9.299999999999999
E,11.533,Q23442,island,149272,623,0.417,0.001,-11.116
E,11.533,Q123705,neighborhood,26522,353,1.331,0.0,-10.202
E,11.533,Q953806,bus stop,11596,191,1.647,0.0,-9.886
E,11.533,Q7321974,cairn,1133,145,12.798,0.0,1.2650000000000006
E,11.533,Q43229,organization,77889,8680,11.144,0.011,-0.38899999999999935
E,11.533,Q815382,meta-analysis,109693,45,0.041,0.0,-11.491999999999999
E,11.533,Q212198,pub,15013,47,0.313,0.0,-11.219999999999999
E,11.533,Q2334719,legal case,7063,3145,44.528,0.004,32.995
E,11.533,Q482,poetry,16332,13084,80.113,0.016,68.58
E,11.533,Q814254,feature,10768,1,0.009,0.0,-11.524
E,11.533,Q24354,theatre,11816,401,3.394,0.0,-8.139
E,11.533,Q452237,motion,76728,3,0.004,0.0,-11.529
E,11.533,Q20541692,"settlement in Galicia, Spain",9477,242,2.554,0.0,-8.979
E,11.533,Q19860854,destroyed building or structure,21657,253,1.168,0.0,-10.365
E,11.533,Q207524,islet,16884,9446,55.946,0.012,44.413
E,11.533,Q5358913,elementary school in Japan,18411,214,1.162,0.0,-10.370999999999999
E,11.533,Q42195,petroglyph,537,25,4.655,0.0,-6.877999999999999
E,11.533,Q46686,reredos,4292,19,0.443,0.0,-11.09
E,11.533,Q420927,protein complex,13158,1,0.008,0.0,-11.525
E,11.533,Q65661087,village in Belarus,16612,4090,24.621,0.005,13.088
E,11.533,Q30612,clinical trial,356734,8,0.002,0.0,-11.530999999999999
E,11.533,Q41253,movie theater,52998,151,0.285,0.0,-11.248
E,11.533,Q476028,association football club,36247,460,1.269,0.001,-10.264
E,11.533,Q5084,hamlet,94142,1858,1.974,0.002,-9.559
E,11.533,Q34770,language,9458,325,3.436,0.0,-8.097
E,11.533,Q751876,château,24913,10135,40.682,0.013,29.149
E,11.533,Q847017,sports club,21891,3954,18.062,0.005,6.529000000000002
E,11.533,Q35509,cave,14579,1212,8.313,0.001,-3.219999999999999
E,11.533,Q1195098,ward,26058,323,1.24,0.0,-10.293
E,11.533,Q187685,doctoral thesis,21906,134,0.612,0.0,-10.921
E,11.533,Q47521,stream,52963,15769,29.774,0.019,18.241
E,11.533,Q11266439,Wikimedia template,850274,791070,93.037,0.978,81.504
E,11.533,Q24046192,Wikimedia category of stubs,9481,63,0.664,0.0,-10.869
E,11.533,Q2116450,manor estate,19216,49,0.255,0.0,-11.277999999999999
E,11.533,Q19389637,biographical article,161931,3135,1.936,0.004,-9.597
E,11.533,Q2042028,ravine,8868,555,6.258,0.001,-5.2749999999999995
E,11.533,Q39816,valley,66889,29246,43.723,0.036,32.19
E,11.533,Q4989906,monument,26626,1666,6.257,0.002,-5.276
E,11.533,Q1681353,bog,27417,26105,95.215,0.032,83.682
E,11.533,Q12317349,main library,13495,3,0.022,0.0,-11.511
E,11.533,Q16970,church building,210578,17467,8.295,0.022,-3.2379999999999995
E,11.533,Q17343829,unincorporated community in the United States,38906,34,0.087,0.0,-11.446
E,11.533,Q13100073,village-level division in China,85627,47642,55.639,0.059,44.106
E,11.533,Q11755880,residential building,11842,117,0.988,0.0,-10.545
E,11.533,Q5185279,poem,104565,16234,15.525,0.02,3.992000000000001
E,11.533,Q1577547,revenue house,18544,31,0.167,0.0,-11.366
E,11.533,Q26703203,stumbling stone,16346,291,1.78,0.0,-9.753
E,11.533,Q737498,academic journal,22133,204,0.922,0.0,-10.610999999999999
E,11.533,Q1580166,dictionary entry,70349,67422,95.839,0.083,84.306
E,11.533,Q13406554,sports competition,13552,2097,15.474,0.003,3.9410000000000007
E,11.533,Q1303167,barn,19902,247,1.241,0.0,-10.292
E,11.533,Q235557,file format,12064,37,0.307,0.0,-11.225999999999999
E,11.533,Q23894233,Wikimedia templates category,14687,212,1.443,0.0,-10.09
E,11.533,Q634099,rural settlement of Russia,18760,202,1.077,0.0,-10.456
E,11.533,Q15221623,bilateral relation,15289,3962,25.914,0.005,14.381000000000002
E,11.533,Q12280,bridge,24711,694,2.808,0.001,-8.725
E,11.533,Q14350,radio station,25872,1015,3.923,0.001,-7.609999999999999
E,11.533,Q2231510,col,10983,6814,62.041,0.008,50.507999999999996
E,11.533,Q102496,parish,12015,1624,13.516,0.002,1.9830000000000005
E,11.533,Q179049,nature reserve,9890,286,2.892,0.0,-8.641
E,11.533,Q8502,mountain,500851,7531,1.504,0.009,-10.029
E,11.533,Q6503489,Law of the Republic of China,13227,13117,99.168,0.016,87.635
E,11.533,Q2309609,wayside cross,19855,321,1.617,0.0,-9.916
E,11.533,Q2996394,biological process,41836,48,0.115,0.0,-11.418
E,11.533,Q34763,peninsula,25492,2299,9.019,0.003,-2.5139999999999993
E,11.533,Q21573182,Naturdenkmal in Germany,5247,88,1.677,0.0,-9.856
E,11.533,Q59541917,Wikimedia topic category,13493,16,0.119,0.0,-11.414
E,11.533,Q67383935,co-educational school,73750,71794,97.348,0.089,85.815
E,11.533,Q106006703,local regulations of the People's Republic of China,15569,5,0.032,0.0,-11.501
E,11.533,Q61443650,sub post office,24761,23440,94.665,0.029,83.132
E,11.533,Q1238720,volume,11992,10862,90.577,0.013,79.044
E,11.533,Q56428020,Wikimedia lists category,12933,29,0.224,0.0,-11.309
E,11.533,Q67015883,group or class of enzymes,10904,3,0.028,0.0,-11.504999999999999
E,11.533,Q14659,coat of arms,9307,2388,25.658,0.003,14.125000000000002
E,11.533,Q11879590,female given name,23557,759,3.222,0.001,-8.311
E,11.533,Q179700,statue,44073,755,1.713,0.001,-9.82
E,11.533,Q575759,war memorial,16311,1031,6.321,0.001,-5.212
E,11.533,Q726,horse,13374,929,6.946,0.001,-4.587
E,11.533,Q159334,secondary school,16906,4215,24.932,0.005,13.399
E,11.533,Q41298,magazine,25771,9167,35.571,0.011,24.037999999999997
E,11.533,Q61443690,branch post office,129178,125802,97.387,0.156,85.854
E,11.533,Q202444,given name,20220,4096,20.257,0.005,8.724000000000002
E,11.533,Q3508250,Syndicat intercommunal,14332,14210,99.149,0.018,87.616
E,11.533,Q7777570,theatrical production,2289,44,1.922,0.0,-9.610999999999999
E,11.533,Q3957,town,14268,150,1.051,0.0,-10.482
E,11.533,Q47150325,calendar day of a given year,189357,90,0.048,0.0,-11.485
E,11.533,Q169930,extended play,12442,447,3.593,0.001,-7.9399999999999995
E,11.533,Q18918145,academic journal article,22266,3054,13.716,0.004,2.183
E,11.533,Q459297,qanat,13596,13541,99.595,0.017,88.062
E,11.533,Q2732840,Gram panchayat,4028,50,1.241,0.0,-10.292
E,11.533,Q50231,administrative territorial entity of the People's Republic of China,516,181,35.078,0.0,23.545
E,11.533,Q160091,plain,10329,3495,33.837,0.004,22.304000000000002
